data_02042748	gPauseRefreshName	main
data_02042758	gPausePausebgPath	main
data_02042770	gPausePauseiconPath	main
data_02042788	gPausePausemsgPath	main
data_020427a0	gPauseEtciconPath	main
data_020427b8	gZhName	main
data_020427bc	gEnName	main
data_020427c0	gItName	main
data_020427c4	gDeName	main
data_020427c8	gFrName	main
data_020427cc	gEsName	main
data_020427d0	gJaName	main
data_020429ec	gSndSoundDataPath	main
data_02042a04	gDbDbPath	main
data_02042a10	gDbDbPath_2	main
data_02042a20	gDoName	main
data_02042a24	gLuName	main
data_02042a28	gMaName	main
data_02042a2c	gLeName	main
data_02042a30	gDeName_2	main
data_02042a34	gR2Name	main
data_02042a38	gXaName	main
data_02042a3c	gVeName	main
data_02042a40	gXeName	main
data_02042a44	gXoName	main
data_02042a48	gZeName	main
data_02042a4c	gMiName	main
data_02042a50	gRoName	main
data_02042a54	gRiName	main
data_02042a58	gGoName	main
data_02042a5c	gAxName	main
data_02042a60	gXiName	main
data_02042a64	gLaName	main
data_02042a68	gSaName	main
data_02042a6c	gSoName	main
data_02042ac0	gLvPathFmt	main
data_02042ad0	gBaChPath	main
data_ov000_0205a9ec	gOv000UiLoadLrdTextPath	ov000
data_ov000_0205aa00	gOv000TextFontEu10AllPath	ov000
data_ov000_0205aa18	gOv000TtlTtlPath	ov000
data_ov000_0205aa24	gOv000TtlTtlPath_2	ov000
data_ov000_0205aa48	gOv000UiCmSavO000Path	ov000
data_ov000_0205aa60	gOv000UiLoadResI18NPath	ov000
data_ov000_0205aa74	gOv000UiLoadLodB000Path	ov000
data_ov000_0205aa8c	gOv000UiLoadLoadPath	ov000
data_ov000_0205aaa0	gOv000UiCmCmoPath	ov000
data_ov000_0205aab0	gOv000UiCmCmSavePath	ov000
data_ov000_0205aac4	gOv000UiLoadLrdTextPath_2	ov000
data_ov000_0205aae4	gOv000TextFontEu10AllPath_2	ov000
data_ov000_0205ab00	gOv000TtlTtlPath_3	ov000
data_ov000_0205ab20	gOv000UiNewgameResI18NPath	ov000
data_ov000_0205ab38	gOv000UiNewgameNgmTextPath	ov000
data_ov000_0205ab50	gOv000UiNewgameResPath	ov000
data_ov000_0205ab64	gOv000TextFontEu10AllPath_3	ov000
data_ov000_0205ab88	gOv000Kh358DaysName	ov000
data_ov000_0205aba8	gOv000UiThrThrI18NPath	ov000
data_ov000_0205abbc	gOv000UiThrThrTextPath	ov000
data_ov000_0205abd0	gOv000TextFontEu10Path	ov000
data_ov000_0205abe8	gOv000UiThrThrPath	ov000
data_ov000_0205abf8	gOv000ZFmt	ov000
data_ov000_0205ac00	gOv000UiThrMPath	ov000
data_ov002_0207e844	gOv002BaTrPathFmt	ov002
data_ov002_0207e850	gOv002RefreshWndName	ov002
data_ov002_0207e85c	gOv002XionWMotPackPath	ov002
data_ov002_0207e870	gOv002BaChWpPathFmt	ov002
data_ov002_0207e8a8	gOv002BguivbfuncName	ov002
data_ov002_0207e8dc	gOv002TextFontEu08SPath	ov002
data_ov002_0207e8f4	gOv002UiBtlEnemyTextPath	ov002
data_ov002_0207e908	gOv002UiBtlTextPath	ov002
data_ov002_0207e91c	gOv002UiBtlMainPath	ov002
data_ov002_0207e92c	gOv002UiBtlMainPath_2	ov002
data_ov002_0207e940	gOv002TextFontEu08Path	ov002
data_ov002_0207e958	gOv002TextFontEu10Path	ov002
data_ov002_0207e970	gOv002UiBtlSu200Path	ov002
data_ov002_0207eadc	gOv002TextFontEu08SPath_2	ov002
data_ov002_0207eaf4	gOv002UiBtlCmdTextPath	ov002
data_ov002_0207eb10	gOv002UiBtlMagicTextPath	ov002
data_ov002_0207eb40	gOv002UiBtlSu200Path_2	ov002
data_ov002_0207eb58	gOv002TextFontEu10SPath	ov002
data_ov002_0207eb70	gOv002UiBtlStUpBg002Path	ov002
data_ov002_0207eb8c	gOv002UiBtlCharaTextPath	ov002
data_ov002_0207eba0	gOv002UiBtlFacePath	ov002
data_ov002_0207ebc4	gOv002BaEfMiPackPath	ov002
data_ov002_0207ebd4	gOv002UiHcntArcPath	ov002
data_ov002_0207ebe4	gOv002UiHcntArcPath_2	ov002
data_ov002_0207ecb4	gOv002TextFontEu10SPath_2	ov002
data_ov002_0207eccc	gOv002UiBtlBl000Path	ov002
data_ov002_0207ece4	gOv002UiBtlBmLoBg007Path	ov002
data_ov002_0207ed00	gOv002UiBtlBmLoBg003Path	ov002
data_ov002_0207ed20	gOv002UiBtlMapPath	ov002
data_ov002_0207ed30	gOv002UiBtlMapchrPath	ov002
data_ov002_0207ed44	gOv002UiBtlInfoTextPath	ov002
data_ov002_0207ed58	gOv002UiBtlBmLoBg004Path	ov002
data_ov002_0207ed88	gOv002UiBtlBmLoBg006Path	ov002
data_ov002_0207eda4	gOv002UiBtlBl001Path	ov002
data_ov002_0207edbc	gOv002UiBtlBmLoBg005Path	ov002
data_ov002_0207edd8	gOv002UiBtlBmLoBg000Path	ov002
data_ov002_0207ee38	gOv002UiBtlBmLoTt08Path	ov002
data_ov002_0207ee54	gOv002UiBtlBmLoBg002Path	ov002
data_ov002_0207ee98	gOv002UiBtlBl101Path	ov002
data_ov002_0207eec4	gOv002UiBtlStampPath	ov002
data_ov002_0207eefc	gOv002UiTutorialRootTextPath	ov002
data_ov002_0207ef14	gOv002UiBtlttrTtrPath	ov002
data_ov002_0207ef28	gOv002UiBtlttrTtrPath_2	ov002
data_ov002_0207ef3c	gOv002UiBtlttrTtrPath_3	ov002
data_ov002_0207efb0	gOv002MiMiPathFmt	ov002
data_ov002_0207efbc	gOv002SName	ov002
data_ov002_0207efc0	gOv002IName	ov002
data_ov002_0207efc4	gOv002EName	ov002
data_ov002_0207efc8	gOv002MName	ov002
data_ov002_0207efcc	gOv002BaChShadowModelPath	ov002
data_ov002_0207efe0	gOv002StrFmt	ov002
data_ov002_0207efe4	gOv002IntFmt	ov002
data_ov002_0207efe8	gOv002MiMiTrBoxPath	ov002
data_ov002_0207eff4	gOv002MiMiEviPath	ov002
data_ov002_0207f000	gOv002MiMiMdbPath	ov002
data_ov002_0207f03c	gOv002SName_2	ov002
data_ov002_0207f040	gOv002AwName	ov002
data_ov002_0207f044	gOv002TwName	ov002
data_ov002_0207f048	gOv002ZzName	ov002
data_ov002_0207f04c	gOv002TtName	ov002
data_ov002_0207f050	gOv002BbName	ov002
data_ov002_0207f054	gOv002PpName	ov002
data_ov002_0207f058	gOv002PiName	ov002
data_ov002_0207f05c	gOv002NmName	ov002
data_ov002_0207f060	gOv002EhName	ov002
data_ov002_0207f064	gOv002HbName	ov002
data_ov002_0207f068	gOv002AlName	ov002
data_ov002_0207f06c	gOv002HeName	ov002
data_ov002_0207f070	gOv002SeaName	ov002
data_ov002_0207f074	gOv002Sea2Name	ov002
data_ov002_0207f07c	gOv002NohitName	ov002
data_ov002_0207f084	gOv002NocamName	ov002
data_ov002_0207f08c	gOv002SlideName	ov002
data_ov002_0207f094	gOv002SiconName	ov002
data_ov002_0207f09c	gOv002NocatchName	ov002
data_ov002_0207f0d4	gOv002StrIntFmt	ov002
data_ov002_0207f0dc	gOv002ColWallName	ov002
data_ov002_0207f0e8	gOv002GateName	ov002
data_ov002_0207f0f0	gOv00210Name	ov002
data_ov002_0207f0f4	gOv002MiWdWdPathFmt	ov002
data_ov002_0207f100	gOv002PentName	ov002
data_ov002_0207f108	gOv002StrIntIntFmt	ov002
data_ov002_0207f11c	gOv0020Fmt	ov002
data_ov002_0207f124	gOv002EmName	ov002
data_ov002_0207f128	gOv002MiMiEidPath	ov002
data_ov002_0207f404	gOv002StrFmt_2	ov002
data_ov002_0207f420	gOv002UiNldgNldgPath	ov002
data_ov002_0207f434	gOv002UiSgBgPath	ov002
data_ov002_0207f444	gOv002UinowldtaskfuncName	ov002
data_ov002_0207f468	gOv002MoMoPath	ov002
data_ov002_0207f470	gOv002MoPrizePackPath	ov002
data_ov002_0207f480	gOv002SName_3	ov002
data_ov003_0204f740	gOv003AxelDefPackPath	ov003
data_ov003_0204f754	gOv003XionDefPackPath	ov003
data_ov003_0204f768	gOv003GoofyDefPackPath	ov003
data_ov003_0204f77c	gOv003DonaldDefPackPath	ov003
data_ov003_0204f790	gOv003ZexionDefPackPath	ov003
data_ov003_0204f7a4	gOv003LarxeneDefPackPath	ov003
data_ov003_0204f7b8	gOv003XaldinDefPackPath	ov003
data_ov003_0204f7cc	gOv003XemnasDefPackPath	ov003
data_ov003_0204f7e0	gOv003VexenDefPackPath	ov003
data_ov003_0204f7f4	gOv003RikuDefPackPath	ov003
data_ov003_0204f808	gOv003MarluxiaDefPackPath	ov003
data_ov003_0204f81c	gOv003LuxordDefPackPath	ov003
data_ov003_0204f830	gOv003LexaeusDefPackPath	ov003
data_ov003_0204f844	gOv003MickeyDefPackPath	ov003
data_ov003_0204f858	gOv003DemyxDefPackPath	ov003
data_ov003_0204f86c	gOv003SoraDefPackPath	ov003
data_ov003_0204f880	gOv003RoxasDefPackPath	ov003
data_ov003_0204f894	gOv003SaixDefPackPath	ov003
data_ov003_0204f8a8	gOv003XigbarDefPackPath	ov003
data_ov003_0204f944	gOv003MrsltDataPath	ov003
data_ov003_0204f950	gOv003PFmt	ov003
data_ov003_0204f958	gOv003MiOb0APath	ov003
data_ov003_0204f964	gOv003MrsltBgPath	ov003
data_ov003_0204f978	gOv003Dual3DUpdateName	ov003
data_ov004_020511e0	gOv004UiCmStrWorldIdTextPath	ov004
data_ov004_020511fc	gOv004UiCmMslPath	ov004
data_ov004_02051224	gOv004UiCal7APackPath	ov004
data_ov004_02051238	gOv004UiCal8APackPath	ov004
data_ov004_0205124c	gOv004UiCal1APackPath	ov004
data_ov004_02051260	gOv004UiCal6APackPath	ov004
data_ov004_02051274	gOv004UiCal4APackPath	ov004
data_ov004_02051288	gOv004UiCal5APackPath	ov004
data_ov004_0205129c	gOv004UiCal3APackPath	ov004
data_ov004_020512b0	gOv004UiCal2APackPath	ov004
data_ov004_020512c4	gOv004UiCal9APackPath	ov004
data_ov004_020512d8	gOv004UiCal0APackPath	ov004
data_ov004_02051328	gOv004UiCalClHrtPath	ov004
data_ov004_02051340	gOv004TextFontEu10AllPath	ov004
data_ov004_0205135c	gOv004UiCalTtlPath	ov004
data_ov005_0205b4c0	gOv005UiCmStrWorldIdTextPath	ov005
data_ov005_0205b50c	gOv005UiPnl3DPackPath	ov005
data_ov005_0205b520	gOv005UiSrsltResTextPath	ov005
data_ov005_0205b534	gOv005UiSrsltResPath	ov005
data_ov005_0205b544	gOv005UiSrsltResPath_2	ov005
data_ov005_0205b558	gOv005TextFontEu10Path	ov005
data_ov005_0205b570	gOv005TextFontEu10SPath	ov005
data_ov005_0205b5a4	gOv005UiSrsltUbPath	ov005
data_ov005_0205b5bc	gOv005UiSrsltResTextPath_2	ov005
data_ov005_0205b5d0	gOv005UiSrsltResPath_3	ov005
data_ov005_0205b5e0	gOv005UiSrsltResPath_4	ov005
data_ov005_0205b5f4	gOv005TextFontEu10Path_2	ov005
data_ov005_0205b60c	gOv005UiCmMslPath	ov005
data_ov005_0205b788	gOv005UiCmMslPath_2	ov005
data_ov006_02056508	gOv006UiMltMltTextPath	ov006
data_ov006_02056540	gOv006TextFontEu10AllPath	ov006
data_ov006_0205655c	gOv006TextFontEu10AllPath_2	ov006
data_ov006_02056578	gOv006UiMltResPath	ov006
data_ov006_02056588	gOv006UiMltResPath_2	ov006
data_ov006_02056598	gOv006UiMltMltgpPath	ov006
data_ov006_020565ac	gOv006UiMltMltPath	ov006
data_ov007_0204d3d8	gOv007UiMnlMPath	ov007
data_ov007_0204d3e4	gOv007UiMnlMnlTextPath	ov007
data_ov007_0204d3f8	gOv007TextFontEu10AllPath	ov007
data_ov008_0208f080	gOv008Dummy09Name	ov008
data_ov008_0208f090	gOv008Dummy01Name	ov008
data_ov008_0208f0a0	gOv008Dummy08Name	ov008
data_ov008_0208f0b0	gOv008Dummy03Name	ov008
data_ov008_0208f0c0	gOv008Dummy02Name	ov008
data_ov008_0208f0d0	gOv008Dummy05Name	ov008
data_ov008_0208f0e0	gOv008Dummy00Name	ov008
data_ov008_0208f0f0	gOv008Dummy12Name	ov008
data_ov008_0208f100	gOv008Dummy04Name	ov008
data_ov008_0208ffb4	gOv008UiMltResPath	ov008
data_ov008_0208ffc4	gOv008TextFontEu08Path	ov008
data_ov008_0208ffdc	gOv008TextFontEu10Path	ov008
data_ov008_0208fff4	gOv008TextFontEu08SPath	ov008
data_ov008_0209000c	gOv008TextFontEu10SPath	ov008
data_ov008_02090024	gOv008CampmenumngrName	ov008
data_ov008_02090034	gOv008UiCmCmPath	ov008
data_ov008_02090040	gOv008UiCmCmbPath	ov008
data_ov008_020900ec	gOv008UiCmStrWorldIdTextPath	ov008
data_ov008_020901fc	gOv008UiCmStrRootTextPath	ov008
data_ov008_02090214	gOv008R2Name	ov008
data_ov008_02090218	gOv008GoName	ov008
data_ov008_0209021c	gOv008DoName	ov008
data_ov008_02090220	gOv008MiName	ov008
data_ov008_02090224	gOv008ZeName	ov008
data_ov008_02090228	gOv008XoName	ov008
data_ov008_0209022c	gOv008XeName	ov008
data_ov008_02090230	gOv008VeName	ov008
data_ov008_02090234	gOv008RiName	ov008
data_ov008_02090238	gOv008MaName	ov008
data_ov008_0209023c	gOv008LuName	ov008
data_ov008_02090240	gOv008LeName	ov008
data_ov008_02090244	gOv008LaName	ov008
data_ov008_02090248	gOv008DeName	ov008
data_ov008_0209024c	gOv008SoName	ov008
data_ov008_02090250	gOv008XaName	ov008
data_ov008_02090254	gOv008SaName	ov008
data_ov008_02090258	gOv008XiName	ov008
data_ov008_0209025c	gOv008AxName	ov008
data_ov008_02090260	gOv008RoName	ov008
data_ov008_02090264	gOv008XionWMotPackPath	ov008
data_ov008_02090278	gOv008BaChWPathFmt	ov008
data_ov008_02090288	gOv008RoxasWPath	ov008
data_ov008_02090298	gOv008BaChDefHbPackPathFmt	ov008
data_ov008_020902ac	gOv008BaChDefPackPathFmt	ov008
data_ov008_020902c0	gOv008BaChDefHPackPathFmt	ov008
data_ov008_020902d4	gOv008UiCmMslPath	ov008
data_ov008_0209032c	gOv008UiCmStrSelectTextPath	ov008
data_ov008_02090348	gOv008UiCmStrStatusTextPath	ov008
data_ov008_020903f0	gOv008UiCmStrPanelTextPath	ov008
data_ov008_02090408	gOv008UiPnl3DPackPath	ov008
data_ov008_020904a4	gOv008UiCmSavB000Path	ov008
data_ov008_020904bc	gOv008UiCmSavePath	ov008
data_ov008_020904d0	gOv008UiCmCmSavePath	ov008
data_ov008_020904e4	gOv008UiCmStrSavTextPath	ov008
data_ov008_0209078c	gOv008UiCmStrCfgTextPath	ov008
data_ov008_020907f0	gOv008UiCmStrStatusTextPath_2	ov008
data_ov008_02090818	gOv008UiCmMslPath_2	ov008
data_ov008_0209086c	gOv008MiMiTrBoxPath	ov008
data_ov008_0209089c	gOv008UiCmStrSelectTextPath_2	ov008
data_ov008_020908b4	gOv008UiCmStrStatusTextPath_3	ov008
data_ov008_020908cc	gOv008UiCmMslPath_3	ov008
data_ov008_02090920	gOv008MiMiTrBoxPath_2	ov008
data_ov008_020909a4	gOv008UiCmStrSelectTextPath_3	ov008
data_ov008_020909bc	gOv008UiCmStrStatusTextPath_4	ov008
data_ov008_02090b40	gOv008UiBtlttrTtrPath	ov008
data_ov008_02090b58	gOv008UiTutorialTutPath	ov008
data_ov008_02090b70	gOv008UiTutorialRootTextPath	ov008
data_ov008_02090b88	gOv008UiBtlttrTtrPath_2	ov008
data_ov008_02090b9c	gOv008UiBtlttrTtrPath_3	ov008
data_ov008_02090cf8	gOv008UiMltMltTextPath	ov008
data_ov008_02090d30	gOv008TextFontEu10AllPath	ov008
data_ov008_02090d4c	gOv008TextFontEu10AllPath_2	ov008
data_ov008_02090d68	gOv008UiMltResPath_2	ov008
data_ov008_02090d78	gOv008UiMltResPath_3	ov008
data_ov008_02090d88	gOv008UiMltMltgpPath	ov008
data_ov008_02090d9c	gOv008UiMltMltPath	ov008
data_ov008_02090dd8	gOv008MiCh70Path	ov008
data_ov008_02090de4	gOv008UiShopResPath	ov008
data_ov008_02090df4	gOv008UiShopResI18NPath	ov008
data_ov008_02090e08	gOv008UiShopShopPath	ov008
data_ov008_02090e1c	gOv008UiShopSpUoPath	ov008
data_ov008_02090e30	gOv008UiShopSpLoPath	ov008
data_ov008_02090e44	gOv008TextFontEu10Path_2	ov008
data_ov008_02090e5c	gOv008TextFontEu08Path_2	ov008
data_ov008_02090e74	gOv008TextFontEu08SPath_2	ov008
data_ov008_02090e8c	gOv008UiShopShpTextPath	ov008
data_ov008_02090ed4	gOv008UiCmMslPath_4	ov008
data_ov008_02090ee8	gOv008BaChWpPathFmt	ov008
data_ov009_02056234	gOv009TextFontEu08Path	ov009
data_ov009_0205624c	gOv009TextFontEu10Path	ov009
data_ov009_02056264	gOv009TextFontEu08SPath	ov009
data_ov009_0205627c	gOv009TextFontEu10SPath	ov009
data_ov009_02056294	gOv009CampmenumngrName	ov009
data_ov009_020562a4	gOv009UiCmCmPath	ov009
data_ov009_020562b0	gOv009UiCmCmbPath	ov009
data_ov009_02056338	gOv009UiCmSavB000Path	ov009
data_ov009_02056350	gOv009UiCmSavePath	ov009
data_ov009_02056364	gOv009UiCmCmSavePath	ov009
data_ov009_02056378	gOv009UiCmStrSavTextPath	ov009
data_ov009_02056398	gOv009UiCmStrWorldIdTextPath	ov009
data_ov009_020563b4	gOv009UiCmMslPath	ov009
data_ov010_0204cfb4	gOv010UiSysSysTextPath	ov010
data_ov010_0204cfc8	gOv010TextFontEu10Path	ov010
data_ov011_0205e8e4	gOv011UiSfMPath	ov011
data_ov011_0205e8f0	gOv011843ZName	ov011
data_ov011_0205e8f8	gOv011UiSfSfPath	ov011
data_ov011_0205e904	gOv011UiSfSffont10FontPath	ov011
data_ov011_0205e91c	gOv011UiSfSffont8FontPath	ov011
data_ov011_0205e930	gOv011SfVName	ov011
data_ov011_0205e938	gOv011UiSfSfPath_2	ov011
data_ov012_0205cac0	gOv012TextFontEu10AllPath	ov012
data_ov012_0205cadc	gOv012OpOpPath	ov012
data_ov012_0205cae8	gOv012OpScrPath	ov012
data_ov013_0207fec0	gOv013ColBtlName	ov013
data_ov015_02082900	gOv015SName	ov015
data_ov019_0207fd78	gOv019IntFmt	ov019
data_ov020_020800d8	gOv020ColWallName	ov020
data_ov020_020800e4	gOv020ColWall10Name	ov020
data_ov020_020800f0	gOv020ColWall09Name	ov020
data_ov020_020800fc	gOv020UpName	ov020
data_ov020_02080100	gOv020DownName	ov020
data_ov022_020b28bc	gOv022PleaseEntryScriptNameText	ov022
data_ov022_020b28e8	gOv022BaEfTaPackPath	ov022
data_ov022_020b290c	gOv022BaEfCPath	ov022
data_ov022_020b2958	gOv022A2Name	ov022
data_ov022_020b295c	gOv022BlName	ov022
data_ov022_020b2960	gOv022T0Name	ov022
data_ov022_020b2964	gOv022A1Name	ov022
data_ov022_020b2968	gOv022C2Name	ov022
data_ov022_020b296c	gOv022S2Name	ov022
data_ov022_020b2970	gOv022B0Name	ov022
data_ov022_020b2974	gOv022B2Name	ov022
data_ov022_020b2978	gOv022F0Name	ov022
data_ov022_020b297c	gOv022A0Name	ov022
data_ov022_020b2980	gOv022C0Name	ov022
data_ov022_020b2984	gOv022C1Name	ov022
data_ov022_020b2988	gOv022S0Name	ov022
data_ov022_020b298c	gOv022S1Name	ov022
data_ov022_020b2990	gOv022F1Name	ov022
data_ov022_020b2994	gOv022F2Name	ov022
data_ov022_020b2998	gOv022B1Name	ov022
data_ov022_020b299c	gOv022CuName	ov022
data_ov022_020b29a0	gOv022AeName	ov022
data_ov022_020b29a4	gOv022ThName	ov022
data_ov022_020b29a8	gOv022T1Name	ov022
data_ov022_020b29ac	gOv022T2Name	ov022
data_ov022_020b29b0	gOv022FiName	ov022
data_ov022_020b29b4	gOv022NotingName	ov022
data_ov022_020b2b1c	gOv022BaMaMoPackPathFmt	ov022
data_ov022_020b2b2c	gOv022BaChMpPath	ov022
data_ov022_020b2b38	gOv022BaMaPackPathFmt	ov022
data_ov022_020b2b6c	gOv022BaEfReGPackPath	ov022
data_ov022_020b2b7c	gOv022BaChRgPath	ov022
data_ov022_020b2b88	gOv022BaChDrPath	ov022
data_ov022_020b2b94	gOv022BaEfAsPackPath	ov022
data_ov022_020b2ba4	gOv022BaEfAsPath	ov022
data_ov022_020b2bb0	gOv022BaChAsPath	ov022
data_ov022_020b2bbc	gOv022BaEfShPackPath	ov022
data_ov022_020b2bcc	gOv022BaEfAgPackPath	ov022
data_ov022_020b2bdc	gOv022BaChGlPath	ov022
data_ov022_020b2be8	gOv022BaEfIa3PackPath	ov022
data_ov022_020b2bf8	gOv022BaEfIa2PackPath	ov022
data_ov022_020b2c08	gOv022BaEfIa1PackPath	ov022
data_ov022_020b2c18	gOv022BaEfIa0PackPath	ov022
data_ov022_020b2c28	gOv022BaEfIPackPath	ov022
data_ov022_020b2c34	gOv022BaEfArPackPath	ov022
data_ov022_020b2c44	gOv022BaChArPath	ov022
data_ov022_020b2c50	gOv022BaEfLPackPath	ov022
data_ov022_020b2c5c	gOv022BaEfMgPackPath	ov022
data_ov022_020b2c6c	gOv022BaEfHxPackPath	ov022
data_ov022_020b2c7c	gOv022BaEfReHPackPath	ov022
data_ov022_020b2c8c	gOv022BaEfAppePackPath	ov022
data_ov022_020b2c9c	gOv022BaEfSBurnPackPath	ov022
data_ov022_020b2cb0	gOv022BaEfSShockPackPath	ov022
data_ov022_020b2cc4	gOv022BaEfSFrostPackPath	ov022
data_ov022_020b2cd8	gOv022BaChCpPath	ov022
data_ov022_020b2ce4	gOv022BaChWPathFmt	ov022
data_ov022_020b2cf4	gOv022BaEfMgPackPath_2	ov022
data_ov022_020b2d04	gOv022StrFmt	ov022
data_ov022_020b2d08	gOv022BaEfHazikiPackPath	ov022
data_ov022_020b2d1c	gOv022BaEfCriticalPackPath	ov022
data_ov022_020b2d30	gOv022BaEfDeadPackPath	ov022
data_ov022_020b2d40	gOv022BaChAbPathFmt	ov022
data_ov022_020b2d50	gOv022BaChSePath	ov022
data_ov022_020b2d5c	gOv022AmPathFmt	ov022
data_ov022_020b2d68	gOv022BaChPath	ov022
data_ov022_020b2d70	gOv022XemnasT2Path	ov022
data_ov022_020b2d80	gOv022MarluxiaT2Path	ov022
data_ov022_020b2d90	gOv022CiPathFmt	ov022
data_ov022_020b2da0	gOv022CmPathFmt	ov022
data_ov022_020b2dc4	gOv022DummyName	ov022
data_ov022_020b2dcc	gOv022RgPZName	ov022
data_ov022_020b2dd4	gOv022ItPZName	ov022
data_ov022_020b2ddc	gOv022GlPZName	ov022
data_ov022_020b2de4	gOv022AsPZName	ov022
data_ov022_020b2dec	gOv022Ma0PZName	ov022
data_ov022_020b2df4	gOv022Ma2PZName	ov022
data_ov022_020b2dfc	gOv022Ma1PZName	ov022
data_ov022_020b2e04	gOv022BaChPathFmt	ov022
data_ov022_020b2e10	gOv022BaChEtaPackPathFmt	ov022
data_ov022_020b2e24	gOv022StrFmt_2	ov022
data_ov022_020b2e28	gOv022BaEfInfoPackPath	ov022
data_ov022_020b2e38	gOv022BaEfStPackPath	ov022
data_ov023_0208a018	gOv023AwName	ov023
data_ov023_0208a01c	gOv023NmName	ov023
data_ov023_0208a020	gOv023PiName	ov023
data_ov023_0208a024	gOv023TtName	ov023
data_ov023_0208a028	gOv023BbName	ov023
data_ov023_0208a02c	gOv023PpName	ov023
data_ov023_0208a030	gOv023AlName	ov023
data_ov023_0208a034	gOv023HeName	ov023
data_ov023_0208a04c	gOv023Dual3DUpdateName	ov023
data_ov023_0208a05c	gOv023EvEvSPath	ov023
data_ov023_0208a068	gOv023EvEvPathFmt	ov023
data_ov023_0208a074	gOv023UiSgBgPath	ov023
data_ov023_0208a084	gOv023UiSgIconPath	ov023
data_ov023_0208a098	gOv023EvHintPath	ov023
data_ov023_0208a0a4	gOv023EvEvPath	ov023
data_ov023_0208a0ac	gOv023SName	ov023
data_ov023_0208a0b0	gOv023DpName	ov023
data_ov023_0208a0b4	gOv023P2Name	ov023
data_ov023_0208a0b8	gOv023EvEvDpPath	ov023
data_ov023_0208a0c4	gOv023LaHRName	ov023
data_ov023_0208a0cc	gOv023LeHRName	ov023
data_ov023_0208a0d4	gOv023RoHRName	ov023
data_ov023_0208a0dc	gOv023XeHLName	ov023
data_ov023_0208a0e4	gOv023XoHRName	ov023
data_ov023_0208a0ec	gOv023DoHRName	ov023
data_ov023_0208a0f4	gOv023AxHLName	ov023
data_ov023_0208a0fc	gOv023SaHRName	ov023
data_ov023_0208a104	gOv023LaHLName	ov023
data_ov023_0208a10c	gOv023RiHRName	ov023
data_ov023_0208a114	gOv023XeHRName	ov023
data_ov023_0208a11c	gOv023GoHRName	ov023
data_ov023_0208a124	gOv023RoHLName	ov023
data_ov023_0208a12c	gOv023AxHRName	ov023
data_ov023_0208a134	gOv023MaHRName	ov023
data_ov023_0208a13c	gOv023XigHLName	ov023
data_ov023_0208a144	gOv023VeWTgName	ov023
data_ov023_0208a14c	gOv023XigHRName	ov023
data_ov023_0208a154	gOv023DemyxRName	ov023
data_ov023_0208a15c	gOv023ZexionRName	ov023
data_ov023_0208a168	gOv023XaldinRName	ov023
data_ov023_0208a174	gOv023LuxordRName	ov023
data_ov023_0208a180	gOv023RoWTgRName	ov023
data_ov023_0208a18c	gOv023SoWTg00Name	ov023
data_ov023_0208a198	gOv023MiWTgRName	ov023
data_ov023_0208a1a4	gOv023GoofyDefPackPath	ov023
data_ov023_0208a1b8	gOv023SoraDefPackPath	ov023
data_ov023_0208a1cc	gOv023MickeyDefPackPath	ov023
data_ov023_0208a1e0	gOv023DonaldDefPackPath	ov023
data_ov023_0208a1f4	gOv023RoxasDualDefHPackPath	ov023
data_ov023_0208a208	gOv023AxelDefHPackPath	ov023
data_ov023_0208a21c	gOv023XigbarDefHPackPath	ov023
data_ov023_0208a230	gOv023SaixDefHPackPath	ov023
data_ov023_0208a244	gOv023XaldinDefHPackPath	ov023
data_ov023_0208a258	gOv023LarxeneDefHPackPath	ov023
data_ov023_0208a26c	gOv023LexaeusDefHPackPath	ov023
data_ov023_0208a280	gOv023LuxordDefHPackPath	ov023
data_ov023_0208a294	gOv023MarluxiaDefHPackPath	ov023
data_ov023_0208a2a8	gOv023RikuDefHPackPath	ov023
data_ov023_0208a2bc	gOv023VexenDefHPackPath	ov023
data_ov023_0208a2d0	gOv023XemnasDefHPackPath	ov023
data_ov023_0208a2e4	gOv023DemyxDefHPackPath	ov023
data_ov023_0208a2f8	gOv023XionDefHPackPath	ov023
data_ov023_0208a30c	gOv023ZexionDefHPackPath	ov023
data_ov023_0208a320	gOv023RoxasDefHbPackPath	ov023
data_ov023_0208a5cc	gOv023AnchorPosName	ov023
data_ov023_0208a5d8	gOv023StrFmt	ov023
data_ov023_0208a5dc	gOv023IntStrFmt	ov023
data_ov023_0208a5e4	gOv023BaChWPathFmt	ov023
data_ov023_0208a5f4	gOv023MiMoMuPath	ov023
data_ov023_0208a600	gOv023MiMoWinWePath	ov023
data_ov023_0208a610	gOv023EvEcamPath	ov023
data_ov023_0208a61c	gOv023EvPath	ov023
data_ov023_0208a620	gOv023EvPathFmt	ov023
data_ov023_0208a62c	gOv023CoName	ov023
data_ov023_0208a630	gOv023MsSharedEffectPath	ov023
data_ov023_0208a644	gOv023MsPackPathFmt	ov023
data_ov023_0208a64c	gOv023Chair0Fmt	ov023
data_ov023_0208a658	gOv023ChairFmt	ov023
data_ov023_0208a660	gOv023MiOb0CPath	ov023
data_ov023_0208a69c	gOv023RoDash00Name	ov023
data_ov023_0208a6a8	gOv023RoWalk01Name	ov023
data_ov023_0208a6b4	gOv023RoWalk00Name	ov023
data_ov023_0208a6c0	gOv02313Dash01Name	ov023
data_ov023_0208a6cc	gOv02313Dash00Name	ov023
data_ov023_0208a6d8	gOv02313Walk01Name	ov023
data_ov023_0208a6e4	gOv02313Walk00Name	ov023
data_ov023_0208a6f0	gOv023RoDash01Name	ov023
data_ov023_0208a6fc	gOv02313Hakusyu00Name	ov023
data_ov023_0208a730	gOv023P2Name_2	ov023
data_ov023_0208a734	gOv023ZName	ov023
data_ov023_0208a738	gOv023MiMoPathFmt	ov023
data_ov023_0208a75c	gOv023EvTexNoiseTexturePath	ov023
data_ov024_02093958	gOv024TextFontEu10AllPath	ov024
data_ov024_020939ac	gOv024MobiclipIntrName	ov024
data_ov025_020b3924	gOv025RoWTgRName	ov025
data_ov025_020b3be0	gOv025Dummy09Name	ov025
data_ov025_020b3bf0	gOv025Dummy01Name	ov025
data_ov025_020b3c00	gOv025Dummy08Name	ov025
data_ov025_020b3c10	gOv025Dummy03Name	ov025
data_ov025_020b3c20	gOv025Dummy02Name	ov025
data_ov025_020b3c30	gOv025Dummy05Name	ov025
data_ov025_020b3c40	gOv025Dummy00Name	ov025
data_ov025_020b3c50	gOv025Dummy12Name	ov025
data_ov025_020b3c60	gOv025Dummy04Name	ov025
data_ov025_020b4962	gOv025KptsName	ov025
data_ov025_020b49d8	gOv025TextFontEu08Path	ov025
data_ov025_020b49f0	gOv025TextFontEu10Path	ov025
data_ov025_020b4a08	gOv025TextFontEu08SPath	ov025
data_ov025_020b4a20	gOv025TextFontEu10SPath	ov025
data_ov025_020b4a38	gOv025CampmenumngrName	ov025
data_ov025_020b4a48	gOv025UiCmCmPath	ov025
data_ov025_020b4a54	gOv025UiCmCmbPath	ov025
data_ov025_020b4b00	gOv025UiCmStrWorldIdTextPath	ov025
data_ov025_020b4b1c	gOv025UiCmMslPath	ov025
data_ov025_020b4c24	gOv025UiCmStrRootTextPath	ov025
data_ov025_020b4c3c	gOv025XionWMotPackPath	ov025
data_ov025_020b4c50	gOv025BaChWPathFmt	ov025
data_ov025_020b4c60	gOv025RoName	ov025
data_ov025_020b4c64	gOv025BaChDefHbPackPathFmt	ov025
data_ov025_020b4c78	gOv025BaChDefPackPathFmt	ov025
data_ov025_020b4c8c	gOv025BaChDefHPackPathFmt	ov025
data_ov025_020b4ca0	gOv025UiCmMslPath_2	ov025
data_ov025_020b4cf8	gOv025UiCmStrSelectTextPath	ov025
data_ov025_020b4d14	gOv025UiCmStrStatusTextPath	ov025
data_ov025_020b4dbc	gOv025UiCmStrPanelTextPath	ov025
data_ov025_020b4dd4	gOv025UiPnl3DPackPath	ov025
data_ov025_020b4e70	gOv025UiCmSavB000Path	ov025
data_ov025_020b4e88	gOv025UiCmSavePath	ov025
data_ov025_020b4e9c	gOv025UiCmCmSavePath	ov025
data_ov025_020b4eb0	gOv025UiCmStrSavTextPath	ov025
data_ov025_020b5158	gOv025UiCmStrCfgTextPath	ov025
data_ov025_020b51b0	gOv025UiCmStrTtlTextPath	ov025
data_ov025_020b51c4	gOv025UiTutorialRootTextPath	ov025
data_ov025_020b51dc	gOv025RptName	ov025
data_ov025_020b51e0	gOv025EnmName	ov025
data_ov025_020b51e4	gOv025UiCmMslPath_3	ov025
data_ov025_020b523c	gOv025UiCmStrTextPathFmt	ov025
data_ov025_020b5250	gOv025MiMiEidPath	ov025
data_ov025_020b525c	gOv025UiCmStrPathFmt	ov025
data_ov025_020b52d4	gOv025UiCmStrStatusTextPath_2	ov025
data_ov025_020b52fc	gOv025UiCmMslPath_4	ov025
data_ov025_020b5350	gOv025MiMiTrBoxPath	ov025
data_ov025_020b5380	gOv025UiCmStrSelectTextPath_2	ov025
data_ov025_020b5398	gOv025UiCmStrStatusTextPath_3	ov025
data_ov025_020b53b0	gOv025UiCmMslPath_5	ov025
data_ov025_020b5404	gOv025MiMiTrBoxPath_2	ov025
data_ov025_020b5488	gOv025UiCmStrSelectTextPath_3	ov025
data_ov025_020b54a0	gOv025UiCmStrStatusTextPath_4	ov025
data_ov025_020b54f8	gOv025UiCalTtlPath	ov025
data_ov025_020b5674	gOv025UiBtlttrTtrPath	ov025
data_ov025_020b568c	gOv025UiTutorialTutPath	ov025
data_ov025_020b56a4	gOv025UiTutorialRootTextPath_2	ov025
data_ov025_020b56bc	gOv025UiBtlttrTtrPath_2	ov025
data_ov025_020b56d0	gOv025UiBtlttrTtrPath_3	ov025
data_ov026_02091214	gOv026UiCmStrWorldIdTextPath	ov026
data_ov026_02091244	gOv026MiCh70Path	ov026
data_ov026_02091250	gOv026UiShopResPath	ov026
data_ov026_02091260	gOv026UiShopResI18NPath	ov026
data_ov026_02091274	gOv026UiShopShopPath	ov026
data_ov026_02091288	gOv026UiShopSpUoPath	ov026
data_ov026_0209129c	gOv026UiShopSpLoPath	ov026
data_ov026_020912b0	gOv026TextFontEu10Path	ov026
data_ov026_020912c8	gOv026TextFontEu08Path	ov026
data_ov026_020912e0	gOv026TextFontEu08SPath	ov026
data_ov026_020912f8	gOv026UiShopShpTextPath	ov026
data_ov026_02091340	gOv026UiCmMslPath	ov026
data_ov027_02083f54	gOv027JpUnusedName	ov027
data_ov027_02083f60	gOv027GoofyDefPackPath	ov027
data_ov027_02083f74	gOv027DonaldDefPackPath	ov027
data_ov027_02083f88	gOv027SoraDefPackPath	ov027
data_ov027_02083f9c	gOv027BaChMiPath	ov027
data_ov027_02083fa4	gOv027DefPackPath	ov027
data_ov027_02083fb0	gOv027MarluxiaDefHPackPath	ov027
data_ov027_02083fc4	gOv027RikuDefHPackPath	ov027
data_ov027_02083fd8	gOv027VexenDefHPackPath	ov027
data_ov027_02083fec	gOv027XemnasDefHPackPath	ov027
data_ov027_02084000	gOv027AxelDefHPackPath	ov027
data_ov027_02084014	gOv027RoxasDualDefHPackPath	ov027
data_ov027_02084028	gOv027SaixDefHPackPath	ov027
data_ov027_0208403c	gOv027XionDefHPackPath	ov027
data_ov027_02084050	gOv027XaldinDefHPackPath	ov027
data_ov027_02084064	gOv027XigbarDefHPackPath	ov027
data_ov027_02084078	gOv027ZexionDefHPackPath	ov027
data_ov027_0208408c	gOv027DemyxDefHPackPath	ov027
data_ov027_020840a0	gOv027LarxeneDefHPackPath	ov027
data_ov027_020840b4	gOv027LexaeusDefHPackPath	ov027
data_ov027_020840c8	gOv027LuxordDefHPackPath	ov027
data_ov027_020840dc	gOv027RoxasDefHbPackPath	ov027
data_ov027_02084148	gOv027StuckYouCanAlwaysText	ov027
data_ov027_020841e0	gOv027BloccatoPerDeiSuggerimentiText	ov027
data_ov027_020842f4	gOv027UiSgBgPath	ov027
data_ov027_02084304	gOv027UiSgIconPath	ov027
data_ov027_02084318	gOv027GameoverDataPath	ov027
data_ov027_02084328	gOv027GameoverGameoverbgPath	ov027
data_ov027_02084344	gOv027TextFontEu10AllPath	ov027
data_ov030_020b5860	gOv030RoWTgLName	ov030
data_ov030_020b5870	gOv030RoxasRName	ov030
data_ov030_020b5880	gOv030RoxasTgName	ov030
data_ov030_020b5890	gOv030Bip01Name	ov030
data_ov030_020b58a0	gOv030RoWTgRName	ov030
data_ov030_020b58e0	gOv030RoxasWD00PackPath	ov030
data_ov030_020b5908	gOv030RoxasEtcPackPath	ov030
data_ov030_020b591c	gOv030StrFmt	ov030
data_ov030_020b5920	gOv030RoxasDefPackPath	ov030
data_ov030_020b5934	gOv030RoxasDefHbPackPath	ov030
data_ov030_020b5948	gOv030RoxasDefHhoPackPath	ov030
data_ov030_020b5960	gOv030RoxasLiPackPath	ov030
data_ov030_020b5970	gOv030RoxasLiEa0PackPath	ov030
data_ov030_020b5984	gOv030RoxasLiE3PackPath	ov030
data_ov030_020b5998	gOv030RoxasLiE0PackPath	ov030
data_ov030_020b59ac	gOv030RoxasLiE1PackPath	ov030
data_ov030_020b59c0	gOv030RoxasLiE2PackPath	ov030
data_ov030_020b59d4	gOv030XionLiE0PackPath	ov030
data_ov031_020b4c60	gOv031AxelRName	ov031
data_ov031_020b4c70	gOv031AxHLName	ov031
data_ov031_020b4c80	gOv031Bip01Name	ov031
data_ov031_020b4c90	gOv031AxelTgName	ov031
data_ov031_020b4ca0	gOv031AxHRName	ov031
data_ov031_020b4cfc	gOv031AxelDefPackPath	ov031
data_ov031_020b4d10	gOv031AxelDefHPackPath	ov031
data_ov031_020b4d24	gOv031AxelLiPackPath	ov031
data_ov031_020b4d34	gOv031AxelLiEa4PackPath	ov031
data_ov031_020b4d48	gOv031AxelLiEa2PackPath	ov031
data_ov031_020b4d5c	gOv031AxelLiE0PackPath	ov031
data_ov031_020b4d70	gOv031AxelLiE2PackPath	ov031
data_ov031_020b4d84	gOv031AxelLiE3PackPath	ov031
data_ov031_020b4d98	gOv031AxelLiE4PackPath	ov031
data_ov032_020b5738	gOv032EfB03Name	ov032
data_ov032_020b5748	gOv032Bip01Name	ov032
data_ov032_020b5758	gOv032EfB02Name	ov032
data_ov032_020b5768	gOv032EfB00Name	ov032
data_ov032_020b5778	gOv032EfB01Name	ov032
data_ov032_020b5788	gOv032XigbarTgName	ov032
data_ov032_020b5798	gOv032XigHRName	ov032
data_ov032_020b57a8	gOv032XigbarRName	ov032
data_ov032_020b57b8	gOv032XigHLName	ov032
data_ov032_020b57e0	gOv032XigbarLiE2PackPath	ov032
data_ov032_020b5808	gOv032XigbarEtcPackPath	ov032
data_ov032_020b581c	gOv032XigbarDefPackPath	ov032
data_ov032_020b5830	gOv032XigbarDefHPackPath	ov032
data_ov032_020b5844	gOv032XigbarLiPackPath	ov032
data_ov032_020b5854	gOv032XigbarLiEa0PackPath	ov032
data_ov032_020b5868	gOv032XigbarLiEa1PackPath	ov032
data_ov032_020b587c	gOv032XigbarLiE1PackPath	ov032
data_ov032_020b5890	gOv032XigbarLiE0PackPath	ov032
data_ov033_020b4aa8	gOv033SaixTgName	ov033
data_ov033_020b4ab8	gOv033SaHLName	ov033
data_ov033_020b4ac8	gOv033SaHRName	ov033
data_ov033_020b4ad8	gOv033Bip01Name	ov033
data_ov033_020b4ae8	gOv033SaixRName	ov033
data_ov033_020b4b14	gOv033SaixDefPackPath	ov033
data_ov033_020b4b28	gOv033SaixDefHPackPath	ov033
data_ov033_020b4b3c	gOv033SaixLiPackPath	ov033
data_ov033_020b4b4c	gOv033SaixLiE1PackPath	ov033
data_ov033_020b4b60	gOv033SaixLiE0PackPath	ov033
data_ov034_020b557c	gOv034XaldinRName	ov034
data_ov034_020b558c	gOv034XaldinTgName	ov034
data_ov034_020b559c	gOv034Bip01Name	ov034
data_ov034_020b55d4	gOv034XaldinDefPackPath	ov034
data_ov034_020b55e8	gOv034XaldinDefHPackPath	ov034
data_ov034_020b55fc	gOv034XaldinLiPackPath	ov034
data_ov034_020b560c	gOv034XaldinLiEa1PackPath	ov034
data_ov034_020b5620	gOv034XaldinLiEa0PackPath	ov034
data_ov034_020b5634	gOv034XaldinLiE2PackPath	ov034
data_ov035_020b4b8c	gOv035SoraRName	ov035
data_ov035_020b4b9c	gOv035Bip01Name	ov035
data_ov035_020b4bac	gOv035SoLeftDummyName	ov035
data_ov035_020b4bbc	gOv035SoraTgName	ov035
data_ov035_020b4bcc	gOv035SoWTg00Name	ov035
data_ov035_020b4be0	gOv035SoraLiE1PackPath	ov035
data_ov035_020b4c1c	gOv035SoraDefPackPath	ov035
data_ov035_020b4c30	gOv035SoraLiPackPath	ov035
data_ov035_020b4c40	gOv035SoraLiEa4PackPath	ov035
data_ov035_020b4c54	gOv035SoraLiE0PackPath	ov035
data_ov035_020b4c68	gOv035SoraLiE3PackPath	ov035
data_ov035_020b4c7c	gOv035SoraLiE4PackPath	ov035
data_ov036_020b4e08	gOv036DemyxTgName	ov036
data_ov036_020b4e18	gOv036DemyxRName	ov036
data_ov036_020b4e28	gOv036Bip01Name	ov036
data_ov036_020b4e68	gOv036DemyxDefPackPath	ov036
data_ov036_020b4e7c	gOv036DemyxDefHPackPath	ov036
data_ov036_020b4e90	gOv036DemyxLiPackPath	ov036
data_ov036_020b4ea0	gOv036DemyxLiEa0PackPath	ov036
data_ov036_020b4eb4	gOv036DemyxLiEa1PackPath	ov036
data_ov036_020b4ec8	gOv036DemyxLiE2PackPath	ov036
data_ov036_020b4edc	gOv036DemyxLiE0PackPath	ov036
data_ov036_020b4ef0	gOv036DemyxLiE1PackPath	ov036
data_ov036_020b4f04	gOv036DemyxEfWaPackPath	ov036
data_ov036_020b4f18	gOv036Demyx00BPackPath	ov036
data_ov037_020b4d24	gOv037LaHLName	ov037
data_ov037_020b4d34	gOv037LarxeneRName	ov037
data_ov037_020b4d44	gOv037LarxeneTgName	ov037
data_ov037_020b4d54	gOv037LaHRName	ov037
data_ov037_020b4d64	gOv037Bip01Name	ov037
data_ov037_020b4d80	gOv037LarxeneLiE0PackPath	ov037
data_ov037_020b4da8	gOv037LarxeneDefPackPath	ov037
data_ov037_020b4dbc	gOv037LarxeneDefHPackPath	ov037
data_ov037_020b4dd0	gOv037LarxeneLiPackPath	ov037
data_ov037_020b4de0	gOv037LarxeneLiEa1PackPath	ov037
data_ov037_020b4df4	gOv037LarxeneLiE1PackPath	ov037
data_ov037_020b4e08	gOv037LarxeneLiE2PackPath	ov037
data_ov038_020b4b4c	gOv038Bip01Name	ov038
data_ov038_020b4b5c	gOv038LexaeusRName	ov038
data_ov038_020b4b6c	gOv038LeHRName	ov038
data_ov038_020b4b7c	gOv038LexaeusTgName	ov038
data_ov038_020b4bc0	gOv038LexaeusLiE3PackPath	ov038
data_ov038_020b4be8	gOv038LexaeusDefPackPath	ov038
data_ov038_020b4bfc	gOv038LexaeusDefHPackPath	ov038
data_ov038_020b4c10	gOv038LexaeusLiPackPath	ov038
data_ov038_020b4c20	gOv038LexaeusLiEa2PackPath	ov038
data_ov038_020b4c34	gOv038LexaeusLiE0PackPath	ov038
data_ov038_020b4c48	gOv038LexaeusLiE1PackPath	ov038
data_ov038_020b4c5c	gOv038LexaeusLiE2PackPath	ov038
data_ov038_020b4c70	gOv038LexaeusLiE4PackPath	ov038
data_ov038_020b4c84	gOv038LexaeusLiE5PackPath	ov038
data_ov039_020b5404	gOv039LuxordRName	ov039
data_ov039_020b5414	gOv039LuxordTgName	ov039
data_ov039_020b5424	gOv039Bip01Name	ov039
data_ov039_020b5540	gOv039LuxordLiE1PackPath	ov039
data_ov039_020b557c	gOv039LuxordDefPackPath	ov039
data_ov039_020b5590	gOv039LuxordDefHPackPath	ov039
data_ov039_020b55a4	gOv039LuxordLiPackPath	ov039
data_ov039_020b55b4	gOv039LuxordLiEa2PackPath	ov039
data_ov039_020b55c8	gOv039LuxordLiE0PackPath	ov039
data_ov039_020b55dc	gOv039LuxordLiE2PackPath	ov039
data_ov040_020b4a04	gOv040Bip01Name	ov040
data_ov040_020b4a14	gOv040MarluxiaRName	ov040
data_ov040_020b4a24	gOv040MaHRName	ov040
data_ov040_020b4a34	gOv040MarluxiaTgName	ov040
data_ov040_020b4a60	gOv040MarluxiaLiE2PackPath	ov040
data_ov040_020b4a88	gOv040MarluxiaDefPackPath	ov040
data_ov040_020b4a9c	gOv040MarluxiaDefHPackPath	ov040
data_ov040_020b4ab0	gOv040MarluxiaLiPackPath	ov040
data_ov040_020b4ac0	gOv040MarluxiaLiEa0PackPath	ov040
data_ov040_020b4ad4	gOv040MarluxiaLiE0PackPath	ov040
data_ov040_020b4ae8	gOv040MarluxiaLiE1PackPath	ov040
data_ov040_020b4afc	gOv040MarluxiaLiE3PackPath	ov040
data_ov041_020b4c0c	gOv041Bip01Name	ov041
data_ov041_020b4c1c	gOv041RikuTgName	ov041
data_ov041_020b4c2c	gOv041RikuRName	ov041
data_ov041_020b4c3c	gOv041RiHRName	ov041
data_ov041_020b4c74	gOv041RikuDefPackPath	ov041
data_ov041_020b4c88	gOv041RikuDefHPackPath	ov041
data_ov041_020b4c9c	gOv041RikuLiPackPath	ov041
data_ov041_020b4cac	gOv041RikuLiE0PackPath	ov041
data_ov041_020b4cc0	gOv041RikuLiE2PackPath	ov041
data_ov041_020b4cd4	gOv041RikuLiE3PackPath	ov041
data_ov041_020b4ce8	gOv041RikuLiE1PackPath	ov041
data_ov042_020b46b4	gOv042VexenRName	ov042
data_ov042_020b46c4	gOv042VeWTgName	ov042
data_ov042_020b46d4	gOv042Bip01Name	ov042
data_ov042_020b46e4	gOv042VexenTgName	ov042
data_ov042_020b4768	gOv042VexenDefPackPath	ov042
data_ov042_020b477c	gOv042VexenDefHPackPath	ov042
data_ov042_020b4790	gOv042VexenLiPackPath	ov042
data_ov042_020b47a0	gOv042VexenLiEa0PackPath	ov042
data_ov042_020b47b4	gOv042VexenLiE1PackPath	ov042
data_ov042_020b47c8	gOv042VexenLiE0PackPath	ov042
data_ov042_020b47dc	gOv042VexenLiE2PackPath	ov042
data_ov043_020b573c	gOv043Bip01Name	ov043
data_ov043_020b574c	gOv043XeHRName	ov043
data_ov043_020b575c	gOv043XemnasRName	ov043
data_ov043_020b57d4	gOv043XeHLName	ov043
data_ov043_020b57e4	gOv043XemnasTgName	ov043
data_ov043_020b5828	gOv043XemnasDefPackPath	ov043
data_ov043_020b583c	gOv043XemnasDefHPackPath	ov043
data_ov043_020b5850	gOv043XemnasEfRgPackPath	ov043
data_ov043_020b5864	gOv043XemnasLiPackPath	ov043
data_ov043_020b5874	gOv043XemnasLiEa0PackPath	ov043
data_ov043_020b5888	gOv043XemnasLiEa1PackPath	ov043
data_ov043_020b589c	gOv043XemnasLiE0PackPath	ov043
data_ov043_020b58b0	gOv043XemnasLiE2PackPath	ov043
data_ov043_020b58c4	gOv043XemnasLiE1PackPath	ov043
data_ov044_020b5494	gOv044Bip01Name	ov044
data_ov044_020b54a4	gOv044XionTgName	ov044
data_ov044_020b54b4	gOv044XionName	ov044
data_ov044_020b54b8	gOv044RName	ov044
data_ov044_020b54c4	gOv044XoHRName	ov044
data_ov044_020b5514	gOv044XionEtcPackPath	ov044
data_ov044_020b5528	gOv044StrFmt	ov044
data_ov044_020b552c	gOv044XionDefHPackPath	ov044
data_ov044_020b5540	gOv044XionDefPackPath	ov044
data_ov044_020b5554	gOv044XionDefHhPackPath	ov044
data_ov044_020b5568	gOv044XionDefHoPackPath	ov044
data_ov044_020b557c	gOv044RoxasWPath	ov044
data_ov044_020b558c	gOv044XionLiPackPath	ov044
data_ov044_020b559c	gOv044RoxasLiEa0PackPath	ov044
data_ov044_020b55b0	gOv044RoxasLiE3PackPath	ov044
data_ov044_020b55c4	gOv044RoxasLiE0PackPath	ov044
data_ov044_020b55d8	gOv044RoxasLiE1PackPath	ov044
data_ov044_020b55ec	gOv044RoxasLiE2PackPath	ov044
data_ov044_020b5600	gOv044XionLiE0PackPath	ov044
data_ov045_020b4a7c	gOv045ZexionRName	ov045
data_ov045_020b4a8c	gOv045ZexionTgName	ov045
data_ov045_020b4a9c	gOv045Bip01Name	ov045
data_ov045_020b4ba8	gOv045ZexionDefPackPath	ov045
data_ov045_020b4bbc	gOv045ZexionDefHPackPath	ov045
data_ov045_020b4bd0	gOv045ZexionLiEa0PackPath	ov045
data_ov045_020b4be4	gOv045ZexionLiPackPath	ov045
data_ov045_020b4bf4	gOv045ZexionLiE1PackPath	ov045
data_ov045_020b4c08	gOv045ZexionLiE0PackPath	ov045
data_ov046_020b4a58	gOv046MiWTgRName	ov046
data_ov046_020b4a68	gOv046MickeyTgName	ov046
data_ov046_020b4a78	gOv046MickeyRName	ov046
data_ov046_020b4a88	gOv046Bip01Name	ov046
data_ov046_020b4ac8	gOv046MickeyDefPackPath	ov046
data_ov046_020b4adc	gOv046MickeyLiPackPath	ov046
data_ov046_020b4aec	gOv046MickeyLiEa1PackPath	ov046
data_ov046_020b4b00	gOv046MickeyLiE0PackPath	ov046
data_ov046_020b4b14	gOv046MickeyLiE2PackPath	ov046
data_ov046_020b4b28	gOv046MickeyLiE1PackPath	ov046
data_ov047_020b420c	gOv047Bip01Name	ov047
data_ov047_020b421c	gOv047DonaldRName	ov047
data_ov047_020b422c	gOv047DoHRName	ov047
data_ov047_020b423c	gOv047DonaldTgName	ov047
data_ov047_020b4308	gOv047DonaldDefPackPath	ov047
data_ov047_020b431c	gOv047DonaldLiPackPath	ov047
data_ov047_020b432c	gOv047DonaldLiEa0PackPath	ov047
data_ov047_020b4340	gOv047DonaldLiE1PackPath	ov047
data_ov047_020b4354	gOv047DonaldLiE0PackPath	ov047
data_ov048_020b4a4c	gOv048Bip01Name	ov048
data_ov048_020b4a5c	gOv048GoofyRName	ov048
data_ov048_020b4a6c	gOv048GoHRName	ov048
data_ov048_020b4a7c	gOv048GoofyTgName	ov048
data_ov048_020b4ac0	gOv048GoofyLiE2PackPath	ov048
data_ov048_020b4ae8	gOv048GoofyDefPackPath	ov048
data_ov048_020b4afc	gOv048GoofyLiPackPath	ov048
data_ov048_020b4b0c	gOv048GoofyLiEa0PackPath	ov048
data_ov048_020b4b20	gOv048GoofyLiEa1PackPath	ov048
data_ov048_020b4b34	gOv048GoofyLiE1PackPath	ov048
data_ov048_020b4b48	gOv048GoofyLiE0PackPath	ov048
data_ov048_020b4b5c	gOv048GoofyLiE3PackPath	ov048
data_ov049_020b4af4	gOv049RoxasTgName	ov049
data_ov049_020b4b04	gOv049RoxasRName	ov049
data_ov049_020b4b14	gOv049Bip01Name	ov049
data_ov049_020b4b24	gOv049RoHLName	ov049
data_ov049_020b4b34	gOv049RoHRName	ov049
data_ov049_020b4c20	gOv049RoxasDualLiE2PackPath	ov049
data_ov049_020b4c5c	gOv049RoxasDualEtcPackPath	ov049
data_ov049_020b4c70	gOv049RoxasDualDefPackPath	ov049
data_ov049_020b4c84	gOv049RoxasDualDefHPackPath	ov049
data_ov049_020b4c98	gOv049RoxasDualLiE0PackPath	ov049
data_ov049_020b4cac	gOv049RoxasDualLiE1PackPath	ov049
data_ov049_020b4cc0	gOv049RoxasDualLiPackPath	ov049
data_ov049_020b4cd0	gOv049RoxasDualLiEa1PackPath	ov049
data_ov049_020b4ce4	gOv049RoxasDualLiEa0PackPath	ov049
data_ov050_020b7460	gOv050AxelRName	ov050
data_ov050_020b7470	gOv050AxHLName	ov050
data_ov050_020b7480	gOv050Bip01Name	ov050
data_ov050_020b7490	gOv050AxelTgName	ov050
data_ov050_020b74a0	gOv050AxHRName	ov050
data_ov050_020b74fc	gOv050AxelDefPackPath	ov050
data_ov050_020b7510	gOv050AxelDefHPackPath	ov050
data_ov050_020b7524	gOv050AxelLiPackPath	ov050
data_ov050_020b7534	gOv050AxelLiEa4PackPath	ov050
data_ov050_020b7548	gOv050AxelLiEa2PackPath	ov050
data_ov050_020b755c	gOv050AxelLiE0PackPath	ov050
data_ov050_020b7570	gOv050AxelLiE2PackPath	ov050
data_ov050_020b7584	gOv050AxelLiE3PackPath	ov050
data_ov050_020b7598	gOv050AxelLiE4PackPath	ov050
data_ov051_020b72a8	gOv051SaixTgName	ov051
data_ov051_020b72b8	gOv051SaHLName	ov051
data_ov051_020b72c8	gOv051SaHRName	ov051
data_ov051_020b72d8	gOv051Bip01Name	ov051
data_ov051_020b72e8	gOv051SaixRName	ov051
data_ov051_020b7314	gOv051SaixDefPackPath	ov051
data_ov051_020b7328	gOv051SaixDefHPackPath	ov051
data_ov051_020b733c	gOv051SaixLiPackPath	ov051
data_ov051_020b734c	gOv051SaixLiE1PackPath	ov051
data_ov051_020b7360	gOv051SaixLiE0PackPath	ov051
data_ov052_020b7f38	gOv052EfB03Name	ov052
data_ov052_020b7f48	gOv052Bip01Name	ov052
data_ov052_020b7f58	gOv052EfB02Name	ov052
data_ov052_020b7f68	gOv052EfB00Name	ov052
data_ov052_020b7f78	gOv052EfB01Name	ov052
data_ov052_020b7f88	gOv052XigbarTgName	ov052
data_ov052_020b7f98	gOv052XigHRName	ov052
data_ov052_020b7fa8	gOv052XigbarRName	ov052
data_ov052_020b7fb8	gOv052XigHLName	ov052
data_ov052_020b7fe0	gOv052XigbarLiE2PackPath	ov052
data_ov052_020b8008	gOv052XigbarEtcPackPath	ov052
data_ov052_020b801c	gOv052XigbarDefPackPath	ov052
data_ov052_020b8030	gOv052XigbarDefHPackPath	ov052
data_ov052_020b8044	gOv052XigbarLiPackPath	ov052
data_ov052_020b8054	gOv052XigbarLiEa0PackPath	ov052
data_ov052_020b8068	gOv052XigbarLiEa1PackPath	ov052
data_ov052_020b807c	gOv052XigbarLiE1PackPath	ov052
data_ov052_020b8090	gOv052XigbarLiE0PackPath	ov052
data_ov053_020b7d7c	gOv053XaldinRName	ov053
data_ov053_020b7d8c	gOv053XaldinTgName	ov053
data_ov053_020b7d9c	gOv053Bip01Name	ov053
data_ov053_020b7dd4	gOv053XaldinDefPackPath	ov053
data_ov053_020b7de8	gOv053XaldinDefHPackPath	ov053
data_ov053_020b7dfc	gOv053XaldinLiPackPath	ov053
data_ov053_020b7e0c	gOv053XaldinLiEa1PackPath	ov053
data_ov053_020b7e20	gOv053XaldinLiEa0PackPath	ov053
data_ov053_020b7e34	gOv053XaldinLiE2PackPath	ov053
data_ov054_020b738c	gOv054SoraRName	ov054
data_ov054_020b739c	gOv054Bip01Name	ov054
data_ov054_020b73ac	gOv054SoLeftDummyName	ov054
data_ov054_020b73bc	gOv054SoraTgName	ov054
data_ov054_020b73cc	gOv054SoWTg00Name	ov054
data_ov054_020b73e0	gOv054SoraLiE1PackPath	ov054
data_ov054_020b741c	gOv054SoraDefPackPath	ov054
data_ov054_020b7430	gOv054SoraLiPackPath	ov054
data_ov054_020b7440	gOv054SoraLiEa4PackPath	ov054
data_ov054_020b7454	gOv054SoraLiE0PackPath	ov054
data_ov054_020b7468	gOv054SoraLiE3PackPath	ov054
data_ov054_020b747c	gOv054SoraLiE4PackPath	ov054
data_ov055_020b7608	gOv055DemyxTgName	ov055
data_ov055_020b7618	gOv055DemyxRName	ov055
data_ov055_020b7628	gOv055Bip01Name	ov055
data_ov055_020b7668	gOv055DemyxDefPackPath	ov055
data_ov055_020b767c	gOv055DemyxDefHPackPath	ov055
data_ov055_020b7690	gOv055DemyxLiPackPath	ov055
data_ov055_020b76a0	gOv055DemyxLiEa0PackPath	ov055
data_ov055_020b76b4	gOv055DemyxLiEa1PackPath	ov055
data_ov055_020b76c8	gOv055DemyxLiE2PackPath	ov055
data_ov055_020b76dc	gOv055DemyxLiE0PackPath	ov055
data_ov055_020b76f0	gOv055DemyxLiE1PackPath	ov055
data_ov055_020b7704	gOv055DemyxEfWaPackPath	ov055
data_ov055_020b7718	gOv055Demyx00BPackPath	ov055
data_ov056_020b7524	gOv056LaHLName	ov056
data_ov056_020b7534	gOv056LarxeneRName	ov056
data_ov056_020b7544	gOv056LarxeneTgName	ov056
data_ov056_020b7554	gOv056LaHRName	ov056
data_ov056_020b7564	gOv056Bip01Name	ov056
data_ov056_020b7580	gOv056LarxeneLiE0PackPath	ov056
data_ov056_020b75a8	gOv056LarxeneDefPackPath	ov056
data_ov056_020b75bc	gOv056LarxeneDefHPackPath	ov056
data_ov056_020b75d0	gOv056LarxeneLiPackPath	ov056
data_ov056_020b75e0	gOv056LarxeneLiEa1PackPath	ov056
data_ov056_020b75f4	gOv056LarxeneLiE1PackPath	ov056
data_ov056_020b7608	gOv056LarxeneLiE2PackPath	ov056
data_ov057_020b734c	gOv057Bip01Name	ov057
data_ov057_020b735c	gOv057LexaeusRName	ov057
data_ov057_020b736c	gOv057LeHRName	ov057
data_ov057_020b737c	gOv057LexaeusTgName	ov057
data_ov057_020b73c0	gOv057LexaeusLiE3PackPath	ov057
data_ov057_020b73e8	gOv057LexaeusDefPackPath	ov057
data_ov057_020b73fc	gOv057LexaeusDefHPackPath	ov057
data_ov057_020b7410	gOv057LexaeusLiPackPath	ov057
data_ov057_020b7420	gOv057LexaeusLiEa2PackPath	ov057
data_ov057_020b7434	gOv057LexaeusLiE0PackPath	ov057
data_ov057_020b7448	gOv057LexaeusLiE1PackPath	ov057
data_ov057_020b745c	gOv057LexaeusLiE2PackPath	ov057
data_ov057_020b7470	gOv057LexaeusLiE4PackPath	ov057
data_ov057_020b7484	gOv057LexaeusLiE5PackPath	ov057
data_ov058_020b7c04	gOv058LuxordRName	ov058
data_ov058_020b7c14	gOv058LuxordTgName	ov058
data_ov058_020b7c24	gOv058Bip01Name	ov058
data_ov058_020b7d40	gOv058LuxordLiE1PackPath	ov058
data_ov058_020b7d7c	gOv058LuxordDefPackPath	ov058
data_ov058_020b7d90	gOv058LuxordDefHPackPath	ov058
data_ov058_020b7da4	gOv058LuxordLiPackPath	ov058
data_ov058_020b7db4	gOv058LuxordLiEa2PackPath	ov058
data_ov058_020b7dc8	gOv058LuxordLiE0PackPath	ov058
data_ov058_020b7ddc	gOv058LuxordLiE2PackPath	ov058
data_ov059_020b7204	gOv059Bip01Name	ov059
data_ov059_020b7214	gOv059MarluxiaRName	ov059
data_ov059_020b7224	gOv059MaHRName	ov059
data_ov059_020b7234	gOv059MarluxiaTgName	ov059
data_ov059_020b7260	gOv059MarluxiaLiE2PackPath	ov059
data_ov059_020b7288	gOv059MarluxiaDefPackPath	ov059
data_ov059_020b729c	gOv059MarluxiaDefHPackPath	ov059
data_ov059_020b72b0	gOv059MarluxiaLiPackPath	ov059
data_ov059_020b72c0	gOv059MarluxiaLiEa0PackPath	ov059
data_ov059_020b72d4	gOv059MarluxiaLiE0PackPath	ov059
data_ov059_020b72e8	gOv059MarluxiaLiE1PackPath	ov059
data_ov059_020b72fc	gOv059MarluxiaLiE3PackPath	ov059
data_ov060_020b740c	gOv060Bip01Name	ov060
data_ov060_020b741c	gOv060RikuTgName	ov060
data_ov060_020b742c	gOv060RikuRName	ov060
data_ov060_020b743c	gOv060RiHRName	ov060
data_ov060_020b7474	gOv060RikuDefPackPath	ov060
data_ov060_020b7488	gOv060RikuDefHPackPath	ov060
data_ov060_020b749c	gOv060RikuLiPackPath	ov060
data_ov060_020b74ac	gOv060RikuLiE0PackPath	ov060
data_ov060_020b74c0	gOv060RikuLiE2PackPath	ov060
data_ov060_020b74d4	gOv060RikuLiE3PackPath	ov060
data_ov060_020b74e8	gOv060RikuLiE1PackPath	ov060
data_ov061_020b6eb4	gOv061VexenRName	ov061
data_ov061_020b6ec4	gOv061VeWTgName	ov061
data_ov061_020b6ed4	gOv061Bip01Name	ov061
data_ov061_020b6ee4	gOv061VexenTgName	ov061
data_ov061_020b6f68	gOv061VexenDefPackPath	ov061
data_ov061_020b6f7c	gOv061VexenDefHPackPath	ov061
data_ov061_020b6f90	gOv061VexenLiPackPath	ov061
data_ov061_020b6fa0	gOv061VexenLiEa0PackPath	ov061
data_ov061_020b6fb4	gOv061VexenLiE1PackPath	ov061
data_ov061_020b6fc8	gOv061VexenLiE0PackPath	ov061
data_ov061_020b6fdc	gOv061VexenLiE2PackPath	ov061
data_ov062_020b7f3c	gOv062Bip01Name	ov062
data_ov062_020b7f4c	gOv062XeHRName	ov062
data_ov062_020b7f5c	gOv062XemnasRName	ov062
data_ov062_020b7fd4	gOv062XeHLName	ov062
data_ov062_020b7fe4	gOv062XemnasTgName	ov062
data_ov062_020b8028	gOv062XemnasDefPackPath	ov062
data_ov062_020b803c	gOv062XemnasDefHPackPath	ov062
data_ov062_020b8050	gOv062XemnasEfRgPackPath	ov062
data_ov062_020b8064	gOv062XemnasLiPackPath	ov062
data_ov062_020b8074	gOv062XemnasLiEa0PackPath	ov062
data_ov062_020b8088	gOv062XemnasLiEa1PackPath	ov062
data_ov062_020b809c	gOv062XemnasLiE0PackPath	ov062
data_ov062_020b80b0	gOv062XemnasLiE2PackPath	ov062
data_ov062_020b80c4	gOv062XemnasLiE1PackPath	ov062
data_ov063_020b7c94	gOv063Bip01Name	ov063
data_ov063_020b7ca4	gOv063XionTgName	ov063
data_ov063_020b7cb4	gOv063XionRName	ov063
data_ov063_020b7cc4	gOv063XoHRName	ov063
data_ov063_020b7d14	gOv063XionEtcPackPath	ov063
data_ov063_020b7d28	gOv063StrFmt	ov063
data_ov063_020b7d2c	gOv063XionDefHPackPath	ov063
data_ov063_020b7d40	gOv063XionDefPackPath	ov063
data_ov063_020b7d54	gOv063XionDefHhPackPath	ov063
data_ov063_020b7d68	gOv063XionDefHoPackPath	ov063
data_ov063_020b7d7c	gOv063RoxasWPath	ov063
data_ov063_020b7d8c	gOv063XionLiPackPath	ov063
data_ov063_020b7d9c	gOv063RoxasLiEa0PackPath	ov063
data_ov063_020b7db0	gOv063RoxasLiE3PackPath	ov063
data_ov063_020b7dc4	gOv063RoxasLiE0PackPath	ov063
data_ov063_020b7dd8	gOv063RoxasLiE1PackPath	ov063
data_ov063_020b7dec	gOv063RoxasLiE2PackPath	ov063
data_ov063_020b7e00	gOv063XionLiE0PackPath	ov063
data_ov064_020b727c	gOv064ZexionRName	ov064
data_ov064_020b728c	gOv064ZexionTgName	ov064
data_ov064_020b729c	gOv064Bip01Name	ov064
data_ov064_020b73a8	gOv064ZexionDefPackPath	ov064
data_ov064_020b73bc	gOv064ZexionDefHPackPath	ov064
data_ov064_020b73d0	gOv064ZexionLiEa0PackPath	ov064
data_ov064_020b73e4	gOv064ZexionLiPackPath	ov064
data_ov064_020b73f4	gOv064ZexionLiE1PackPath	ov064
data_ov064_020b7408	gOv064ZexionLiE0PackPath	ov064
data_ov065_020b7258	gOv065MiWTgRName	ov065
data_ov065_020b7268	gOv065MickeyTgName	ov065
data_ov065_020b7278	gOv065MickeyRName	ov065
data_ov065_020b7288	gOv065Bip01Name	ov065
data_ov065_020b72c8	gOv065MickeyDefPackPath	ov065
data_ov065_020b72dc	gOv065MickeyLiPackPath	ov065
data_ov065_020b72ec	gOv065MickeyLiEa1PackPath	ov065
data_ov065_020b7300	gOv065MickeyLiE0PackPath	ov065
data_ov065_020b7314	gOv065MickeyLiE2PackPath	ov065
data_ov065_020b7328	gOv065MickeyLiE1PackPath	ov065
data_ov066_020b6a0c	gOv066Bip01Name	ov066
data_ov066_020b6a1c	gOv066DonaldRName	ov066
data_ov066_020b6a2c	gOv066DoHRName	ov066
data_ov066_020b6a3c	gOv066DonaldTgName	ov066
data_ov066_020b6b08	gOv066DonaldDefPackPath	ov066
data_ov066_020b6b1c	gOv066DonaldLiPackPath	ov066
data_ov066_020b6b2c	gOv066DonaldLiEa0PackPath	ov066
data_ov066_020b6b40	gOv066DonaldLiE1PackPath	ov066
data_ov066_020b6b54	gOv066DonaldLiE0PackPath	ov066
data_ov067_020b724c	gOv067Bip01Name	ov067
data_ov067_020b725c	gOv067GoofyRName	ov067
data_ov067_020b726c	gOv067GoHRName	ov067
data_ov067_020b727c	gOv067GoofyTgName	ov067
data_ov067_020b72c0	gOv067GoofyLiE2PackPath	ov067
data_ov067_020b72e8	gOv067GoofyDefPackPath	ov067
data_ov067_020b72fc	gOv067GoofyLiPackPath	ov067
data_ov067_020b730c	gOv067GoofyLiEa0PackPath	ov067
data_ov067_020b7320	gOv067GoofyLiEa1PackPath	ov067
data_ov067_020b7334	gOv067GoofyLiE1PackPath	ov067
data_ov067_020b7348	gOv067GoofyLiE0PackPath	ov067
data_ov067_020b735c	gOv067GoofyLiE3PackPath	ov067
data_ov068_020b72f4	gOv068RoxasTgName	ov068
data_ov068_020b7304	gOv068RoxasRName	ov068
data_ov068_020b7314	gOv068Bip01Name	ov068
data_ov068_020b7324	gOv068RoHLName	ov068
data_ov068_020b7334	gOv068RoHRName	ov068
data_ov068_020b7420	gOv068RoxasDualLiE2PackPath	ov068
data_ov068_020b745c	gOv068RoxasDualEtcPackPath	ov068
data_ov068_020b7470	gOv068RoxasDualDefPackPath	ov068
data_ov068_020b7484	gOv068RoxasDualDefHPackPath	ov068
data_ov068_020b7498	gOv068RoxasDualLiE0PackPath	ov068
data_ov068_020b74ac	gOv068RoxasDualLiE1PackPath	ov068
data_ov068_020b74c0	gOv068RoxasDualLiPackPath	ov068
data_ov068_020b74d0	gOv068RoxasDualLiEa1PackPath	ov068
data_ov068_020b74e4	gOv068RoxasDualLiEa0PackPath	ov068
data_ov069_020baa70	gOv069UiCmMslPath	ov069
data_ov069_020baab4	gOv069UiCmMslPath_2	ov069
data_ov070_020b9b40	gOv070AxelRName	ov070
data_ov070_020b9b50	gOv070AxHLName	ov070
data_ov070_020b9b60	gOv070Bip01Name	ov070
data_ov070_020b9b70	gOv070AxelTgName	ov070
data_ov070_020b9b80	gOv070AxHRName	ov070
data_ov070_020b9bdc	gOv070AxelDefPackPath	ov070
data_ov070_020b9bf0	gOv070AxelDefHPackPath	ov070
data_ov070_020b9c04	gOv070AxelLiPackPath	ov070
data_ov070_020b9c14	gOv070AxelLiEa4PackPath	ov070
data_ov070_020b9c28	gOv070AxelLiEa2PackPath	ov070
data_ov070_020b9c3c	gOv070AxelLiE0PackPath	ov070
data_ov070_020b9c50	gOv070AxelLiE2PackPath	ov070
data_ov070_020b9c64	gOv070AxelLiE3PackPath	ov070
data_ov070_020b9c78	gOv070AxelLiE4PackPath	ov070
data_ov071_020b9988	gOv071SaixTgName	ov071
data_ov071_020b9998	gOv071SaHLName	ov071
data_ov071_020b99a8	gOv071SaHRName	ov071
data_ov071_020b99b8	gOv071Bip01Name	ov071
data_ov071_020b99c8	gOv071SaixRName	ov071
data_ov071_020b99f4	gOv071SaixDefPackPath	ov071
data_ov071_020b9a08	gOv071SaixDefHPackPath	ov071
data_ov071_020b9a1c	gOv071SaixLiPackPath	ov071
data_ov071_020b9a2c	gOv071SaixLiE1PackPath	ov071
data_ov071_020b9a40	gOv071SaixLiE0PackPath	ov071
data_ov072_020ba618	gOv072EfB03Name	ov072
data_ov072_020ba628	gOv072Bip01Name	ov072
data_ov072_020ba638	gOv072EfB02Name	ov072
data_ov072_020ba648	gOv072EfB00Name	ov072
data_ov072_020ba658	gOv072EfB01Name	ov072
data_ov072_020ba668	gOv072XigbarTgName	ov072
data_ov072_020ba678	gOv072XigHRName	ov072
data_ov072_020ba688	gOv072XigbarRName	ov072
data_ov072_020ba698	gOv072XigHLName	ov072
data_ov072_020ba6c0	gOv072XigbarLiE2PackPath	ov072
data_ov072_020ba6e8	gOv072XigbarEtcPackPath	ov072
data_ov072_020ba6fc	gOv072XigbarDefPackPath	ov072
data_ov072_020ba710	gOv072XigbarDefHPackPath	ov072
data_ov072_020ba724	gOv072XigbarLiPackPath	ov072
data_ov072_020ba734	gOv072XigbarLiEa0PackPath	ov072
data_ov072_020ba748	gOv072XigbarLiEa1PackPath	ov072
data_ov072_020ba75c	gOv072XigbarLiE1PackPath	ov072
data_ov072_020ba770	gOv072XigbarLiE0PackPath	ov072
data_ov073_020ba45c	gOv073XaldinRName	ov073
data_ov073_020ba46c	gOv073XaldinTgName	ov073
data_ov073_020ba47c	gOv073Bip01Name	ov073
data_ov073_020ba4b4	gOv073XaldinDefPackPath	ov073
data_ov073_020ba4c8	gOv073XaldinDefHPackPath	ov073
data_ov073_020ba4dc	gOv073XaldinLiPackPath	ov073
data_ov073_020ba4ec	gOv073XaldinLiEa1PackPath	ov073
data_ov073_020ba500	gOv073XaldinLiEa0PackPath	ov073
data_ov073_020ba514	gOv073XaldinLiE2PackPath	ov073
data_ov074_020b9a6c	gOv074SoraRName	ov074
data_ov074_020b9a7c	gOv074Bip01Name	ov074
data_ov074_020b9a8c	gOv074SoLeftDummyName	ov074
data_ov074_020b9a9c	gOv074SoraTgName	ov074
data_ov074_020b9aac	gOv074SoWTg00Name	ov074
data_ov074_020b9ac0	gOv074SoraLiE1PackPath	ov074
data_ov074_020b9afc	gOv074SoraDefPackPath	ov074
data_ov074_020b9b10	gOv074SoraLiPackPath	ov074
data_ov074_020b9b20	gOv074SoraLiEa4PackPath	ov074
data_ov074_020b9b34	gOv074SoraLiE0PackPath	ov074
data_ov074_020b9b48	gOv074SoraLiE3PackPath	ov074
data_ov074_020b9b5c	gOv074SoraLiE4PackPath	ov074
data_ov075_020b9ce8	gOv075DemyxTgName	ov075
data_ov075_020b9cf8	gOv075DemyxRName	ov075
data_ov075_020b9d08	gOv075Bip01Name	ov075
data_ov075_020b9d48	gOv075DemyxDefPackPath	ov075
data_ov075_020b9d5c	gOv075DemyxDefHPackPath	ov075
data_ov075_020b9d70	gOv075DemyxLiPackPath	ov075
data_ov075_020b9d80	gOv075DemyxLiEa0PackPath	ov075
data_ov075_020b9d94	gOv075DemyxLiEa1PackPath	ov075
data_ov075_020b9da8	gOv075DemyxLiE2PackPath	ov075
data_ov075_020b9dbc	gOv075DemyxLiE0PackPath	ov075
data_ov075_020b9dd0	gOv075DemyxLiE1PackPath	ov075
data_ov075_020b9de4	gOv075DemyxEfWaPackPath	ov075
data_ov075_020b9df8	gOv075Demyx00BPackPath	ov075
data_ov076_020b9c04	gOv076LaHLName	ov076
data_ov076_020b9c14	gOv076LarxeneRName	ov076
data_ov076_020b9c24	gOv076LarxeneTgName	ov076
data_ov076_020b9c34	gOv076LaHRName	ov076
data_ov076_020b9c44	gOv076Bip01Name	ov076
data_ov076_020b9c60	gOv076LarxeneLiE0PackPath	ov076
data_ov076_020b9c88	gOv076LarxeneDefPackPath	ov076
data_ov076_020b9c9c	gOv076LarxeneDefHPackPath	ov076
data_ov076_020b9cb0	gOv076LarxeneLiPackPath	ov076
data_ov076_020b9cc0	gOv076LarxeneLiEa1PackPath	ov076
data_ov076_020b9cd4	gOv076LarxeneLiE1PackPath	ov076
data_ov076_020b9ce8	gOv076LarxeneLiE2PackPath	ov076
data_ov077_020b9a2c	gOv077Bip01Name	ov077
data_ov077_020b9a3c	gOv077LexaeusRName	ov077
data_ov077_020b9a4c	gOv077LeHRName	ov077
data_ov077_020b9a5c	gOv077LexaeusTgName	ov077
data_ov077_020b9aa0	gOv077LexaeusLiE3PackPath	ov077
data_ov077_020b9ac8	gOv077LexaeusDefPackPath	ov077
data_ov077_020b9adc	gOv077LexaeusDefHPackPath	ov077
data_ov077_020b9af0	gOv077LexaeusLiPackPath	ov077
data_ov077_020b9b00	gOv077LexaeusLiEa2PackPath	ov077
data_ov077_020b9b14	gOv077LexaeusLiE0PackPath	ov077
data_ov077_020b9b28	gOv077LexaeusLiE1PackPath	ov077
data_ov077_020b9b3c	gOv077LexaeusLiE2PackPath	ov077
data_ov077_020b9b50	gOv077LexaeusLiE4PackPath	ov077
data_ov077_020b9b64	gOv077LexaeusLiE5PackPath	ov077
data_ov078_020ba2e4	gOv078LuxordRName	ov078
data_ov078_020ba2f4	gOv078LuxordTgName	ov078
data_ov078_020ba304	gOv078Bip01Name	ov078
data_ov078_020ba420	gOv078LuxordLiE1PackPath	ov078
data_ov078_020ba45c	gOv078LuxordDefPackPath	ov078
data_ov078_020ba470	gOv078LuxordDefHPackPath	ov078
data_ov078_020ba484	gOv078LuxordLiPackPath	ov078
data_ov078_020ba494	gOv078LuxordLiEa2PackPath	ov078
data_ov078_020ba4a8	gOv078LuxordLiE0PackPath	ov078
data_ov078_020ba4bc	gOv078LuxordLiE2PackPath	ov078
data_ov079_020b98e4	gOv079Bip01Name	ov079
data_ov079_020b98f4	gOv079MarluxiaRName	ov079
data_ov079_020b9904	gOv079MaHRName	ov079
data_ov079_020b9914	gOv079MarluxiaTgName	ov079
data_ov079_020b9940	gOv079MarluxiaLiE2PackPath	ov079
data_ov079_020b9968	gOv079MarluxiaDefPackPath	ov079
data_ov079_020b997c	gOv079MarluxiaDefHPackPath	ov079
data_ov079_020b9990	gOv079MarluxiaLiPackPath	ov079
data_ov079_020b99a0	gOv079MarluxiaLiEa0PackPath	ov079
data_ov079_020b99b4	gOv079MarluxiaLiE0PackPath	ov079
data_ov079_020b99c8	gOv079MarluxiaLiE1PackPath	ov079
data_ov079_020b99dc	gOv079MarluxiaLiE3PackPath	ov079
data_ov080_020b9aec	gOv080Bip01Name	ov080
data_ov080_020b9afc	gOv080RikuTgName	ov080
data_ov080_020b9b0c	gOv080RikuRName	ov080
data_ov080_020b9b1c	gOv080RiHRName	ov080
data_ov080_020b9b54	gOv080RikuDefPackPath	ov080
data_ov080_020b9b68	gOv080RikuDefHPackPath	ov080
data_ov080_020b9b7c	gOv080RikuLiPackPath	ov080
data_ov080_020b9b8c	gOv080RikuLiE0PackPath	ov080
data_ov080_020b9ba0	gOv080RikuLiE2PackPath	ov080
data_ov080_020b9bb4	gOv080RikuLiE3PackPath	ov080
data_ov080_020b9bc8	gOv080RikuLiE1PackPath	ov080
data_ov081_020b9594	gOv081VexenRName	ov081
data_ov081_020b95a4	gOv081VeWTgName	ov081
data_ov081_020b95b4	gOv081Bip01Name	ov081
data_ov081_020b95c4	gOv081VexenTgName	ov081
data_ov081_020b9648	gOv081VexenDefPackPath	ov081
data_ov081_020b965c	gOv081VexenDefHPackPath	ov081
data_ov081_020b9670	gOv081VexenLiPackPath	ov081
data_ov081_020b9680	gOv081VexenLiEa0PackPath	ov081
data_ov081_020b9694	gOv081VexenLiE1PackPath	ov081
data_ov081_020b96a8	gOv081VexenLiE0PackPath	ov081
data_ov081_020b96bc	gOv081VexenLiE2PackPath	ov081
data_ov082_020ba374	gOv082Bip01Name	ov082
data_ov082_020ba384	gOv082XionTgName	ov082
data_ov082_020ba394	gOv082XionRName	ov082
data_ov082_020ba3a4	gOv082XoHRName	ov082
data_ov082_020ba3f4	gOv082XionEtcPackPath	ov082
data_ov082_020ba408	gOv082StrFmt	ov082
data_ov082_020ba40c	gOv082XionDefHPackPath	ov082
data_ov082_020ba420	gOv082XionDefPackPath	ov082
data_ov082_020ba434	gOv082XionDefHhPackPath	ov082
data_ov082_020ba448	gOv082XionDefHoPackPath	ov082
data_ov082_020ba45c	gOv082RoxasWPath	ov082
data_ov082_020ba46c	gOv082XionLiPackPath	ov082
data_ov082_020ba47c	gOv082RoxasLiEa0PackPath	ov082
data_ov082_020ba490	gOv082RoxasLiE3PackPath	ov082
data_ov082_020ba4a4	gOv082RoxasLiE0PackPath	ov082
data_ov082_020ba4b8	gOv082RoxasLiE1PackPath	ov082
data_ov082_020ba4cc	gOv082RoxasLiE2PackPath	ov082
data_ov082_020ba4e0	gOv082XionLiE0PackPath	ov082
data_ov083_020b995c	gOv083ZexionRName	ov083
data_ov083_020b996c	gOv083ZexionTgName	ov083
data_ov083_020b997c	gOv083Bip01Name	ov083
data_ov083_020b9a88	gOv083ZexionDefPackPath	ov083
data_ov083_020b9a9c	gOv083ZexionDefHPackPath	ov083
data_ov083_020b9ab0	gOv083ZexionLiEa0PackPath	ov083
data_ov083_020b9ac4	gOv083ZexionLiPackPath	ov083
data_ov083_020b9ad4	gOv083ZexionLiE1PackPath	ov083
data_ov083_020b9ae8	gOv083ZexionLiE0PackPath	ov083
data_ov084_020b9938	gOv084MiWTgRName	ov084
data_ov084_020b9948	gOv084MickeyTgName	ov084
data_ov084_020b9958	gOv084MickeyRName	ov084
data_ov084_020b9968	gOv084Bip01Name	ov084
data_ov084_020b99a8	gOv084MickeyDefPackPath	ov084
data_ov084_020b99bc	gOv084MickeyLiPackPath	ov084
data_ov084_020b99cc	gOv084MickeyLiEa1PackPath	ov084
data_ov084_020b99e0	gOv084MickeyLiE0PackPath	ov084
data_ov084_020b99f4	gOv084MickeyLiE2PackPath	ov084
data_ov084_020b9a08	gOv084MickeyLiE1PackPath	ov084
data_ov085_020b90ec	gOv085Bip01Name	ov085
data_ov085_020b90fc	gOv085DonaldRName	ov085
data_ov085_020b910c	gOv085DoHRName	ov085
data_ov085_020b911c	gOv085DonaldTgName	ov085
data_ov085_020b91e8	gOv085DonaldDefPackPath	ov085
data_ov085_020b91fc	gOv085DonaldLiPackPath	ov085
data_ov085_020b920c	gOv085DonaldLiEa0PackPath	ov085
data_ov085_020b9220	gOv085DonaldLiE1PackPath	ov085
data_ov085_020b9234	gOv085DonaldLiE0PackPath	ov085
data_ov086_020b992c	gOv086Bip01Name	ov086
data_ov086_020b993c	gOv086GoofyRName	ov086
data_ov086_020b994c	gOv086GoHRName	ov086
data_ov086_020b995c	gOv086GoofyTgName	ov086
data_ov086_020b99a0	gOv086GoofyLiE2PackPath	ov086
data_ov086_020b99c8	gOv086GoofyDefPackPath	ov086
data_ov086_020b99dc	gOv086GoofyLiPackPath	ov086
data_ov086_020b99ec	gOv086GoofyLiEa0PackPath	ov086
data_ov086_020b9a00	gOv086GoofyLiEa1PackPath	ov086
data_ov086_020b9a14	gOv086GoofyLiE1PackPath	ov086
data_ov086_020b9a28	gOv086GoofyLiE0PackPath	ov086
data_ov086_020b9a3c	gOv086GoofyLiE3PackPath	ov086
data_ov087_020b99d4	gOv087RoxasTgName	ov087
data_ov087_020b99e4	gOv087RoxasRName	ov087
data_ov087_020b99f4	gOv087Bip01Name	ov087
data_ov087_020b9a04	gOv087RoHLName	ov087
data_ov087_020b9a14	gOv087RoHRName	ov087
data_ov087_020b9b00	gOv087RoxasDualLiE2PackPath	ov087
data_ov087_020b9b3c	gOv087RoxasDualEtcPackPath	ov087
data_ov087_020b9b50	gOv087RoxasDualDefPackPath	ov087
data_ov087_020b9b64	gOv087RoxasDualDefHPackPath	ov087
data_ov087_020b9b78	gOv087RoxasDualLiE0PackPath	ov087
data_ov087_020b9b8c	gOv087RoxasDualLiE1PackPath	ov087
data_ov087_020b9ba0	gOv087RoxasDualLiPackPath	ov087
data_ov087_020b9bb0	gOv087RoxasDualLiEa1PackPath	ov087
data_ov087_020b9bc4	gOv087RoxasDualLiEa0PackPath	ov087
data_ov088_020bc200	gOv088AxelRName	ov088
data_ov088_020bc210	gOv088AxHLName	ov088
data_ov088_020bc220	gOv088Bip01Name	ov088
data_ov088_020bc230	gOv088AxelTgName	ov088
data_ov088_020bc240	gOv088AxHRName	ov088
data_ov088_020bc29c	gOv088AxelDefPackPath	ov088
data_ov088_020bc2b0	gOv088AxelDefHPackPath	ov088
data_ov088_020bc2c4	gOv088AxelLiPackPath	ov088
data_ov088_020bc2d4	gOv088AxelLiEa4PackPath	ov088
data_ov088_020bc2e8	gOv088AxelLiEa2PackPath	ov088
data_ov088_020bc2fc	gOv088AxelLiE0PackPath	ov088
data_ov088_020bc310	gOv088AxelLiE2PackPath	ov088
data_ov088_020bc324	gOv088AxelLiE3PackPath	ov088
data_ov088_020bc338	gOv088AxelLiE4PackPath	ov088
data_ov089_020bc048	gOv089SaixTgName	ov089
data_ov089_020bc058	gOv089SaHLName	ov089
data_ov089_020bc068	gOv089SaHRName	ov089
data_ov089_020bc078	gOv089Bip01Name	ov089
data_ov089_020bc088	gOv089SaixRName	ov089
data_ov089_020bc0b4	gOv089SaixDefPackPath	ov089
data_ov089_020bc0c8	gOv089SaixDefHPackPath	ov089
data_ov089_020bc0dc	gOv089SaixLiPackPath	ov089
data_ov089_020bc0ec	gOv089SaixLiE1PackPath	ov089
data_ov089_020bc100	gOv089SaixLiE0PackPath	ov089
data_ov090_020bcb1c	gOv090XaldinRName	ov090
data_ov090_020bcb2c	gOv090XaldinTgName	ov090
data_ov090_020bcb3c	gOv090Bip01Name	ov090
data_ov090_020bcb74	gOv090XaldinDefPackPath	ov090
data_ov090_020bcb88	gOv090XaldinDefHPackPath	ov090
data_ov090_020bcb9c	gOv090XaldinLiPackPath	ov090
data_ov090_020bcbac	gOv090XaldinLiEa1PackPath	ov090
data_ov090_020bcbc0	gOv090XaldinLiEa0PackPath	ov090
data_ov090_020bcbd4	gOv090XaldinLiE2PackPath	ov090
data_ov091_020bc12c	gOv091SoraRName	ov091
data_ov091_020bc13c	gOv091Bip01Name	ov091
data_ov091_020bc14c	gOv091SoLeftDummyName	ov091
data_ov091_020bc15c	gOv091SoraTgName	ov091
data_ov091_020bc16c	gOv091SoWTg00Name	ov091
data_ov091_020bc180	gOv091SoraLiE1PackPath	ov091
data_ov091_020bc1bc	gOv091SoraDefPackPath	ov091
data_ov091_020bc1d0	gOv091SoraLiPackPath	ov091
data_ov091_020bc1e0	gOv091SoraLiEa4PackPath	ov091
data_ov091_020bc1f4	gOv091SoraLiE0PackPath	ov091
data_ov091_020bc208	gOv091SoraLiE3PackPath	ov091
data_ov091_020bc21c	gOv091SoraLiE4PackPath	ov091
data_ov092_020bc3a8	gOv092DemyxTgName	ov092
data_ov092_020bc3b8	gOv092DemyxRName	ov092
data_ov092_020bc3c8	gOv092Bip01Name	ov092
data_ov092_020bc408	gOv092DemyxDefPackPath	ov092
data_ov092_020bc41c	gOv092DemyxDefHPackPath	ov092
data_ov092_020bc430	gOv092DemyxLiPackPath	ov092
data_ov092_020bc440	gOv092DemyxLiEa0PackPath	ov092
data_ov092_020bc454	gOv092DemyxLiEa1PackPath	ov092
data_ov092_020bc468	gOv092DemyxLiE2PackPath	ov092
data_ov092_020bc47c	gOv092DemyxLiE0PackPath	ov092
data_ov092_020bc490	gOv092DemyxLiE1PackPath	ov092
data_ov092_020bc4a4	gOv092DemyxEfWaPackPath	ov092
data_ov092_020bc4b8	gOv092Demyx00BPackPath	ov092
data_ov093_020bc2c4	gOv093LaHLName	ov093
data_ov093_020bc2d4	gOv093LarxeneRName	ov093
data_ov093_020bc2e4	gOv093LarxeneTgName	ov093
data_ov093_020bc2f4	gOv093LaHRName	ov093
data_ov093_020bc304	gOv093Bip01Name	ov093
data_ov093_020bc320	gOv093LarxeneLiE0PackPath	ov093
data_ov093_020bc348	gOv093LarxeneDefPackPath	ov093
data_ov093_020bc35c	gOv093LarxeneDefHPackPath	ov093
data_ov093_020bc370	gOv093LarxeneLiPackPath	ov093
data_ov093_020bc380	gOv093LarxeneLiEa1PackPath	ov093
data_ov093_020bc394	gOv093LarxeneLiE1PackPath	ov093
data_ov093_020bc3a8	gOv093LarxeneLiE2PackPath	ov093
data_ov094_020bc0ec	gOv094Bip01Name	ov094
data_ov094_020bc0fc	gOv094LexaeusRName	ov094
data_ov094_020bc10c	gOv094LeHRName	ov094
data_ov094_020bc11c	gOv094LexaeusTgName	ov094
data_ov094_020bc160	gOv094LexaeusLiE3PackPath	ov094
data_ov094_020bc188	gOv094LexaeusDefPackPath	ov094
data_ov094_020bc19c	gOv094LexaeusDefHPackPath	ov094
data_ov094_020bc1b0	gOv094LexaeusLiPackPath	ov094
data_ov094_020bc1c0	gOv094LexaeusLiEa2PackPath	ov094
data_ov094_020bc1d4	gOv094LexaeusLiE0PackPath	ov094
data_ov094_020bc1e8	gOv094LexaeusLiE1PackPath	ov094
data_ov094_020bc1fc	gOv094LexaeusLiE2PackPath	ov094
data_ov094_020bc210	gOv094LexaeusLiE4PackPath	ov094
data_ov094_020bc224	gOv094LexaeusLiE5PackPath	ov094
data_ov095_020bc9a4	gOv095LuxordRName	ov095
data_ov095_020bc9b4	gOv095LuxordTgName	ov095
data_ov095_020bc9c4	gOv095Bip01Name	ov095
data_ov095_020bcae0	gOv095LuxordLiE1PackPath	ov095
data_ov095_020bcb1c	gOv095LuxordDefPackPath	ov095
data_ov095_020bcb30	gOv095LuxordDefHPackPath	ov095
data_ov095_020bcb44	gOv095LuxordLiPackPath	ov095
data_ov095_020bcb54	gOv095LuxordLiEa2PackPath	ov095
data_ov095_020bcb68	gOv095LuxordLiE0PackPath	ov095
data_ov095_020bcb7c	gOv095LuxordLiE2PackPath	ov095
data_ov096_020bbfa4	gOv096Bip01Name	ov096
data_ov096_020bbfb4	gOv096MarluxiaRName	ov096
data_ov096_020bbfc4	gOv096MaHRName	ov096
data_ov096_020bbfd4	gOv096MarluxiaTgName	ov096
data_ov096_020bc000	gOv096MarluxiaLiE2PackPath	ov096
data_ov096_020bc028	gOv096MarluxiaDefPackPath	ov096
data_ov096_020bc03c	gOv096MarluxiaDefHPackPath	ov096
data_ov096_020bc050	gOv096MarluxiaLiPackPath	ov096
data_ov096_020bc060	gOv096MarluxiaLiEa0PackPath	ov096
data_ov096_020bc074	gOv096MarluxiaLiE0PackPath	ov096
data_ov096_020bc088	gOv096MarluxiaLiE1PackPath	ov096
data_ov096_020bc09c	gOv096MarluxiaLiE3PackPath	ov096
data_ov097_020bc1ac	gOv097Bip01Name	ov097
data_ov097_020bc1bc	gOv097RikuTgName	ov097
data_ov097_020bc1cc	gOv097RikuRName	ov097
data_ov097_020bc1dc	gOv097RiHRName	ov097
data_ov097_020bc214	gOv097RikuDefPackPath	ov097
data_ov097_020bc228	gOv097RikuDefHPackPath	ov097
data_ov097_020bc23c	gOv097RikuLiPackPath	ov097
data_ov097_020bc24c	gOv097RikuLiE0PackPath	ov097
data_ov097_020bc260	gOv097RikuLiE2PackPath	ov097
data_ov097_020bc274	gOv097RikuLiE3PackPath	ov097
data_ov097_020bc288	gOv097RikuLiE1PackPath	ov097
data_ov098_020bbc54	gOv098VexenRName	ov098
data_ov098_020bbc64	gOv098VeWTgName	ov098
data_ov098_020bbc74	gOv098Bip01Name	ov098
data_ov098_020bbc84	gOv098VexenTgName	ov098
data_ov098_020bbd08	gOv098VexenDefPackPath	ov098
data_ov098_020bbd1c	gOv098VexenDefHPackPath	ov098
data_ov098_020bbd30	gOv098VexenLiPackPath	ov098
data_ov098_020bbd40	gOv098VexenLiEa0PackPath	ov098
data_ov098_020bbd54	gOv098VexenLiE1PackPath	ov098
data_ov098_020bbd68	gOv098VexenLiE0PackPath	ov098
data_ov098_020bbd7c	gOv098VexenLiE2PackPath	ov098
data_ov099_020bca34	gOv099Bip01Name	ov099
data_ov099_020bca44	gOv099XionTgName	ov099
data_ov099_020bca54	gOv099XionRName	ov099
data_ov099_020bca64	gOv099XoHRName	ov099
data_ov099_020bcab4	gOv099XionEtcPackPath	ov099
data_ov099_020bcac8	gOv099StrFmt	ov099
data_ov099_020bcacc	gOv099XionDefHPackPath	ov099
data_ov099_020bcae0	gOv099XionDefPackPath	ov099
data_ov099_020bcaf4	gOv099XionDefHhPackPath	ov099
data_ov099_020bcb08	gOv099XionDefHoPackPath	ov099
data_ov099_020bcb1c	gOv099RoxasWPath	ov099
data_ov099_020bcb2c	gOv099XionLiPackPath	ov099
data_ov099_020bcb3c	gOv099RoxasLiEa0PackPath	ov099
data_ov099_020bcb50	gOv099RoxasLiE3PackPath	ov099
data_ov099_020bcb64	gOv099RoxasLiE0PackPath	ov099
data_ov099_020bcb78	gOv099RoxasLiE1PackPath	ov099
data_ov099_020bcb8c	gOv099RoxasLiE2PackPath	ov099
data_ov099_020bcba0	gOv099XionLiE0PackPath	ov099
data_ov100_020bc01c	gOv100ZexionRName	ov100
data_ov100_020bc02c	gOv100ZexionTgName	ov100
data_ov100_020bc03c	gOv100Bip01Name	ov100
data_ov100_020bc148	gOv100ZexionDefPackPath	ov100
data_ov100_020bc15c	gOv100ZexionDefHPackPath	ov100
data_ov100_020bc170	gOv100ZexionLiEa0PackPath	ov100
data_ov100_020bc184	gOv100ZexionLiPackPath	ov100
data_ov100_020bc194	gOv100ZexionLiE1PackPath	ov100
data_ov100_020bc1a8	gOv100ZexionLiE0PackPath	ov100
data_ov101_020bbff8	gOv101MiWTgRName	ov101
data_ov101_020bc008	gOv101MickeyTgName	ov101
data_ov101_020bc018	gOv101MickeyRName	ov101
data_ov101_020bc028	gOv101Bip01Name	ov101
data_ov101_020bc068	gOv101MickeyDefPackPath	ov101
data_ov101_020bc07c	gOv101MickeyLiPackPath	ov101
data_ov101_020bc08c	gOv101MickeyLiEa1PackPath	ov101
data_ov101_020bc0a0	gOv101MickeyLiE0PackPath	ov101
data_ov101_020bc0b4	gOv101MickeyLiE2PackPath	ov101
data_ov101_020bc0c8	gOv101MickeyLiE1PackPath	ov101
data_ov102_020bb7ac	gOv102Bip01Name	ov102
data_ov102_020bb7bc	gOv102DonaldRName	ov102
data_ov102_020bb7cc	gOv102DoHRName	ov102
data_ov102_020bb7dc	gOv102DonaldTgName	ov102
data_ov102_020bb8a8	gOv102DonaldDefPackPath	ov102
data_ov102_020bb8bc	gOv102DonaldLiPackPath	ov102
data_ov102_020bb8cc	gOv102DonaldLiEa0PackPath	ov102
data_ov102_020bb8e0	gOv102DonaldLiE1PackPath	ov102
data_ov102_020bb8f4	gOv102DonaldLiE0PackPath	ov102
data_ov103_020bbfec	gOv103Bip01Name	ov103
data_ov103_020bbffc	gOv103GoofyRName	ov103
data_ov103_020bc00c	gOv103GoHRName	ov103
data_ov103_020bc01c	gOv103GoofyTgName	ov103
data_ov103_020bc060	gOv103GoofyLiE2PackPath	ov103
data_ov103_020bc088	gOv103GoofyDefPackPath	ov103
data_ov103_020bc09c	gOv103GoofyLiPackPath	ov103
data_ov103_020bc0ac	gOv103GoofyLiEa0PackPath	ov103
data_ov103_020bc0c0	gOv103GoofyLiEa1PackPath	ov103
data_ov103_020bc0d4	gOv103GoofyLiE1PackPath	ov103
data_ov103_020bc0e8	gOv103GoofyLiE0PackPath	ov103
data_ov103_020bc0fc	gOv103GoofyLiE3PackPath	ov103
data_ov104_020bc094	gOv104RoxasTgName	ov104
data_ov104_020bc0a4	gOv104RoxasRName	ov104
data_ov104_020bc0b4	gOv104Bip01Name	ov104
data_ov104_020bc0c4	gOv104RoHLName	ov104
data_ov104_020bc0d4	gOv104RoHRName	ov104
data_ov104_020bc1c0	gOv104RoxasDualLiE2PackPath	ov104
data_ov104_020bc1fc	gOv104RoxasDualEtcPackPath	ov104
data_ov104_020bc210	gOv104RoxasDualDefPackPath	ov104
data_ov104_020bc224	gOv104RoxasDualDefHPackPath	ov104
data_ov104_020bc238	gOv104RoxasDualLiE0PackPath	ov104
data_ov104_020bc24c	gOv104RoxasDualLiE1PackPath	ov104
data_ov104_020bc260	gOv104RoxasDualLiPackPath	ov104
data_ov104_020bc270	gOv104RoxasDualLiEa1PackPath	ov104
data_ov104_020bc284	gOv104RoxasDualLiEa0PackPath	ov104
data_ov106_020b8ab4	gOv106Dual3DUpdateName	ov106
data_ov106_020b8ac4	gOv106EvEvDpPath	ov106
data_ov106_020b8ad0	gOv106UiHcntArcPath	ov106
data_ov106_020b8ae0	gOv106BaEfMiPackPath	ov106
data_ov106_020b8b34	gOv106EvTexNoiseTexturePath	ov106
data_ov107_020cb638	gOv107MsBlPath	ov107
data_ov107_020cb642	gOv107MsUpPath	ov107
data_ov107_020cb968	gOv107BaEfSBurnPackPath	ov107
data_ov107_020cb97c	gOv107BaEfSFrostPackPath	ov107
data_ov107_020cb990	gOv107BaEfSShockPackPath	ov107
data_ov107_020cbab8	gOv107MsDpPath	ov107
data_ov107_020cbac4	gOv107MsEcPath	ov107
data_ov107_020cbad0	gOv107MsMpPath	ov107
data_ov107_020cbadc	gOv107MsSharedEffectPath	ov107
data_ov115_020ceb8c	gOv115Bone04Name	ov115
data_ov115_020ceb94	gOv115BodyName	ov115
data_ov116_020d27cc	gOv116Bone04Name	ov116
data_ov116_020d27d4	gOv116BodyName	ov116
data_ov119_020cf98c	gOv119BoneLEyeName	ov119
data_ov119_020cf998	gOv119BoneRFingName	ov119
data_ov119_020cf9a4	gOv119BoneLFingName	ov119
data_ov119_020cf9b0	gOv119BoneHeadName	ov119
data_ov119_020cf9bc	gOv119BoneTail02Name	ov119
data_ov120_020cdf2c	gOv120BoneRFingName	ov120
data_ov120_020cdf38	gOv120Bip01RFootName	ov120
data_ov120_020cdf48	gOv120Bip01LFootName	ov120
data_ov120_020cdf58	gOv120Bip01Name	ov120
data_ov120_020cdf60	gOv120MoveName	ov120
data_ov121_020cfd4c	gOv121BoneRFingName	ov121
data_ov121_020cfd58	gOv121Bip01RFootName	ov121
data_ov121_020cfd68	gOv121Bip01LFootName	ov121
data_ov121_020cfd78	gOv121Bip01Name	ov121
data_ov121_020cfd80	gOv121MoveName	ov121
data_ov122_020d1b6c	gOv122BoneRFingName	ov122
data_ov122_020d1b78	gOv122Bip01RFootName	ov122
data_ov122_020d1b88	gOv122Bip01LFootName	ov122
data_ov122_020d1b98	gOv122Bip01Name	ov122
data_ov122_020d1ba0	gOv122MoveName	ov122
data_ov123_020ce30c	gOv123HeadconName	ov123
data_ov124_020d1f4c	gOv124HeadconName	ov124
data_ov125_020d044c	gOv125TagLName	ov125
data_ov125_020d0454	gOv125TagRName	ov125
data_ov126_020d408c	gOv126TagLName	ov126
data_ov126_020d4094	gOv126TagRName	ov126
data_ov127_020cd76c	gOv127MoveName	ov127
data_ov128_020d4fec	gOv128MoveName	ov128
data_ov129_020d6e0c	gOv129MoveName	ov129
data_ov130_020cd76c	gOv130MoveName	ov130
data_ov131_020cefec	gOv131BoneHimoName	ov131
data_ov131_020ceff8	gOv131BoneHeadName	ov131
data_ov131_020cf004	gOv131MoveName	ov131
data_ov132_020d0e0c	gOv132BoneHimoName	ov132
data_ov132_020d0e18	gOv132BoneHeadName	ov132
data_ov132_020d0e24	gOv132MoveName	ov132
data_ov133_020d4a4c	gOv133BoneHimoName	ov133
data_ov133_020d4a58	gOv133BoneHeadName	ov133
data_ov133_020d4a64	gOv133MoveName	ov133
data_ov134_020cdfec	gOv134BoneHeadName	ov134
data_ov134_020cdff8	gOv134MoveName	ov134
data_ov134_020ce004	gOv134Guru0Name	ov134
data_ov135_020d1c2c	gOv135BoneHeadName	ov135
data_ov135_020d1c38	gOv135MoveName	ov135
data_ov135_020d1c44	gOv135Guru0Name	ov135
data_ov136_020d3a4c	gOv136BoneHeadName	ov136
data_ov136_020d3a58	gOv136MoveName	ov136
data_ov136_020d3a64	gOv136Guru0Name	ov136
data_ov137_020cf3cc	gOv137EffTagName	ov137
data_ov137_020cf3d4	gOv137017Name	ov137
data_ov137_020cf3d8	gOv137MoveName	ov137
data_ov138_020d300c	gOv138EffTagName	ov138
data_ov138_020d3014	gOv138017Name	ov138
data_ov138_020d3018	gOv138MoveName	ov138
data_ov139_020cec8c	gOv139IMoveName	ov139
data_ov140_020d28cc	gOv140IMoveName	ov140
data_ov141_020cea4c	gOv1417Name	ov141
data_ov141_020cea50	gOv141RootName	ov141
data_ov141_020cea58	gOv141MLoudnessName	ov141
data_ov142_020d268c	gOv1427Name	ov142
data_ov142_020d2690	gOv142RootName	ov142
data_ov142_020d2698	gOv142MLoudnessName	ov142
data_ov143_020d62cc	gOv1437Name	ov143
data_ov143_020d62d0	gOv143RootName	ov143
data_ov143_020d62d8	gOv143MLoudnessName	ov143
data_ov144_020cdcec	gOv144BoneHeadName	ov144
data_ov144_020cdcf8	gOv144MoveName	ov144
data_ov145_020cfaec	gOv145BoneHeadName	ov145
data_ov145_020cfaf8	gOv145MoveName	ov145
data_ov146_020cf52c	gOv146BrootName	ov146
data_ov147_020ce8cc	gOv147SFireName	ov147
data_ov147_020ce8d4	gOv147SMoveName	ov147
data_ov148_020d250c	gOv148SFireName	ov148
data_ov148_020d2514	gOv148SMoveName	ov148
data_ov149_020d07b0	gOv149RootName	ov149
data_ov149_020d07b8	gOv149MfLoudnessName	ov149
data_ov150_020d25d0	gOv150RootName	ov150
data_ov150_020d25d8	gOv150MfLoudnessName	ov150
data_ov151_020cec6c	gOv1517Name	ov151
data_ov151_020cec70	gOv151RootName	ov151
data_ov151_020cec78	gOv151MwLoudnessName	ov151
data_ov152_020d64ec	gOv1527Name	ov152
data_ov152_020d64f0	gOv152RootName	ov152
data_ov152_020d64f8	gOv152MwLoudnessName	ov152
data_ov153_020ce08c	gOv153HeadconName	ov153
data_ov154_020d1ccc	gOv154HeadconName	ov154
data_ov155_020d590c	gOv155HeadconName	ov155
data_ov156_020cedec	gOv156Head02Name	ov156
data_ov156_020cedf4	gOv156HeadconName	ov156
data_ov157_020d0c0c	gOv157Head02Name	ov157
data_ov157_020d0c14	gOv157HeadconName	ov157
data_ov158_020cf58c	gOv158EffTagName	ov158
data_ov158_020cf594	gOv158036Name	ov158
data_ov158_020cf598	gOv158MoveName	ov158
data_ov159_020d4fec	gOv159EffTagName	ov159
data_ov159_020d4ff4	gOv159036Name	ov159
data_ov159_020d4ff8	gOv159MoveName	ov159
data_ov160_020cf80c	gOv160EffTagName	ov160
data_ov160_020cf814	gOv160037Name	ov160
data_ov160_020cf818	gOv160MoveName	ov160
data_ov161_020cf2ec	gOv161BoneHimoName	ov161
data_ov161_020cf2f8	gOv161BoneHeadName	ov161
data_ov161_020cf304	gOv161MoveName	ov161
data_ov162_020d110c	gOv162BoneHimoName	ov162
data_ov162_020d1118	gOv162BoneHeadName	ov162
data_ov162_020d1124	gOv162MoveName	ov162
data_ov163_020d0eec	gOv163BoneHimoName	ov163
data_ov163_020d0ef8	gOv163BoneHeadName	ov163
data_ov163_020d0f04	gOv163MoveName	ov163
data_ov164_020d2d0c	gOv164BoneHimoName	ov164
data_ov164_020d2d18	gOv164BoneHeadName	ov164
data_ov164_020d2d24	gOv164MoveName	ov164
data_ov165_020d4b2c	gOv165BoneHimoName	ov165
data_ov165_020d4b38	gOv165BoneHeadName	ov165
data_ov165_020d4b44	gOv165MoveName	ov165
data_ov166_020ceb0c	gOv166Bone04Name	ov166
data_ov166_020ceb14	gOv166BodyName	ov166
data_ov167_020d274c	gOv167Bone04Name	ov167
data_ov167_020d2754	gOv167BodyName	ov167
data_ov168_020d638c	gOv168Bone04Name	ov168
data_ov168_020d6394	gOv168BodyName	ov168
data_ov169_020cee6c	gOv169Bone04Name	ov169
data_ov169_020cee74	gOv169BodyName	ov169
data_ov170_020d0c8c	gOv170Bone04Name	ov170
data_ov170_020d0c94	gOv170BodyName	ov170
data_ov171_020ceecc	gOv171Bone04Name	ov171
data_ov171_020ceed4	gOv171BodyName	ov171
data_ov172_020d2b0c	gOv172Bone04Name	ov172
data_ov172_020d2b14	gOv172BodyName	ov172
data_ov173_020ceccc	gOv173Bone04Name	ov173
data_ov173_020cecd4	gOv173BodyName	ov173
data_ov174_020d290c	gOv174Bone04Name	ov174
data_ov174_020d2914	gOv174BodyName	ov174
data_ov175_020ceaac	gOv175Bone04Name	ov175
data_ov175_020ceab4	gOv175BodyName	ov175
data_ov176_020d26ec	gOv176Bone04Name	ov176
data_ov176_020d26f4	gOv176BodyName	ov176
data_ov177_020d632c	gOv177Bone04Name	ov177
data_ov177_020d6334	gOv177BodyName	ov177
data_ov178_020ceeac	gOv178Bone04Name	ov178
data_ov178_020ceeb4	gOv178BodyName	ov178
data_ov179_020d490c	gOv179Bone04Name	ov179
data_ov179_020d4914	gOv179BodyName	ov179
data_ov180_020d672c	gOv180Bone04Name	ov180
data_ov180_020d6734	gOv180BodyName	ov180
data_ov181_020cea4c	gOv181BMoveName	ov181
data_ov182_020d086c	gOv182BMoveName	ov182
data_ov183_020d268c	gOv183BMoveName	ov183
data_ov184_020d44ac	gOv184BMoveName	ov184
data_ov188_020d028c	gOv188Bip01Name	ov188
data_ov188_020d0294	gOv188Bone01Name	ov188
data_ov188_020d029c	gOv188BoneHeadName	ov188
data_ov188_020d02a8	gOv188Bip01PelvisName	ov188
data_ov188_020d02b8	gOv188BoneLUpperArmName	ov188
data_ov188_020d02c8	gOv188BoneLFingName	ov188
data_ov188_020d02d4	gOv188BoneRUpperArmName	ov188
data_ov188_020d02e4	gOv188BoneRFingName	ov188
data_ov188_020d02f0	gOv188Bip01LThighName	ov188
data_ov188_020d0300	gOv188Bip01LFootName	ov188
data_ov188_020d0310	gOv188Bip01RThighName	ov188
data_ov188_020d0320	gOv188Bip01RFootName	ov188
data_ov188_020d0330	gOv188MoveName	ov188
data_ov189_020d20ac	gOv189Bip01Name	ov189
data_ov189_020d20b4	gOv189Bone01Name	ov189
data_ov189_020d20bc	gOv189BoneHeadName	ov189
data_ov189_020d20c8	gOv189Bip01PelvisName	ov189
data_ov189_020d20d8	gOv189BoneLUpperArmName	ov189
data_ov189_020d20e8	gOv189BoneLFingName	ov189
data_ov189_020d20f4	gOv189BoneRUpperArmName	ov189
data_ov189_020d2104	gOv189BoneRFingName	ov189
data_ov189_020d2110	gOv189Bip01LThighName	ov189
data_ov189_020d2120	gOv189Bip01LFootName	ov189
data_ov189_020d2130	gOv189Bip01RThighName	ov189
data_ov189_020d2140	gOv189Bip01RFootName	ov189
data_ov189_020d2150	gOv189MoveName	ov189
data_ov190_020d5cec	gOv190Bip01Name	ov190
data_ov190_020d5cf4	gOv190Bone01Name	ov190
data_ov190_020d5cfc	gOv190BoneHeadName	ov190
data_ov190_020d5d08	gOv190Bip01PelvisName	ov190
data_ov190_020d5d18	gOv190BoneLUpperArmName	ov190
data_ov190_020d5d28	gOv190BoneLFingName	ov190
data_ov190_020d5d34	gOv190BoneRUpperArmName	ov190
data_ov190_020d5d44	gOv190BoneRFingName	ov190
data_ov190_020d5d50	gOv190Bip01LThighName	ov190
data_ov190_020d5d60	gOv190Bip01LFootName	ov190
data_ov190_020d5d70	gOv190Bip01RThighName	ov190
data_ov190_020d5d80	gOv190Bip01RFootName	ov190
data_ov190_020d5d90	gOv190MoveName	ov190
data_ov191_020d2dec	gOv191Head02Name	ov191
data_ov191_020d2df4	gOv191HeadconName	ov191
data_ov192_020d4c0c	gOv192Head02Name	ov192
data_ov192_020d4c14	gOv192HeadconName	ov192
data_ov193_020d6a2c	gOv193Head02Name	ov193
data_ov193_020d6a34	gOv193HeadconName	ov193
data_ov194_020cefec	gOv194BoneHeadName	ov194
data_ov194_020ceff8	gOv194Tag00Name	ov194
data_ov194_020cf000	gOv194MoveName	ov194
data_ov194_020cf008	gOv194BName	ov194
data_ov194_020cf00c	gOv194Guru0Name	ov194
data_ov195_020d2c2c	gOv195BoneHeadName	ov195
data_ov195_020d2c38	gOv195Tag00Name	ov195
data_ov195_020d2c40	gOv195MoveName	ov195
data_ov195_020d2c48	gOv195BName	ov195
data_ov195_020d2c4c	gOv195Guru0Name	ov195
data_ov196_020d686c	gOv196BoneHeadName	ov196
data_ov196_020d6878	gOv196Tag00Name	ov196
data_ov196_020d6880	gOv196MoveName	ov196
data_ov196_020d6888	gOv196BName	ov196
data_ov196_020d688c	gOv196Guru0Name	ov196
data_ov197_020ce8cc	gOv197SFireName	ov197
data_ov197_020ce8d4	gOv197BsMoveName	ov197
data_ov198_020d250c	gOv198SFireName	ov198
data_ov198_020d2514	gOv198BsMoveName	ov198
data_ov199_020d614c	gOv199SFireName	ov199
data_ov199_020d6154	gOv199BsMoveName	ov199
data_ov200_020d186c	gOv200TagLName	ov200
data_ov200_020d1874	gOv200TagRName	ov200
data_ov201_020d54ac	gOv201TagLName	ov201
data_ov201_020d54b4	gOv201TagRName	ov201
data_ov202_020cefec	gOv202BoneHimoName	ov202
data_ov202_020ceff8	gOv202BoneHeadName	ov202
data_ov202_020cf004	gOv202MoveName	ov202
data_ov203_020d686c	gOv203BoneHimoName	ov203
data_ov203_020d6878	gOv203BoneHeadName	ov203
data_ov203_020d6884	gOv203MoveName	ov203
data_ov204_020d36ac	gOv204BImoveName	ov204
data_ov205_020d72ec	gOv205BImoveName	ov205
data_ov206_020d066c	gOv206Bip01HeadName	ov206
data_ov206_020d0678	gOv206Bip01LHandName	ov206
data_ov206_020d0688	gOv206Bip01RHandName	ov206
data_ov206_020d0698	gOv206Bip01Name	ov206
data_ov206_020d06a0	gOv206Bip01Spine1Name	ov206
data_ov206_020d06b0	gOv206Target01Name	ov206
data_ov206_020d06bc	gOv206LargeMoveName	ov206
data_ov207_020d42ac	gOv207Bip01HeadName	ov207
data_ov207_020d42b8	gOv207Bip01LHandName	ov207
data_ov207_020d42c8	gOv207Bip01RHandName	ov207
data_ov207_020d42d8	gOv207Bip01Name	ov207
data_ov207_020d42e0	gOv207Bip01Spine1Name	ov207
data_ov207_020d42f0	gOv207Target01Name	ov207
data_ov207_020d42fc	gOv207LargeMoveName	ov207
data_ov208_020d482c	gOv208Bip01HeadName	ov208
data_ov208_020d4838	gOv208Bip01LHandName	ov208
data_ov208_020d4848	gOv208Bip01RHandName	ov208
data_ov208_020d4858	gOv208Bip01Name	ov208
data_ov208_020d4860	gOv208Bip01Spine1Name	ov208
data_ov208_020d4870	gOv208RockMoveName	ov208
data_ov209_020d664c	gOv209Bip01HeadName	ov209
data_ov209_020d6658	gOv209Bip01LHandName	ov209
data_ov209_020d6668	gOv209Bip01RHandName	ov209
data_ov209_020d6678	gOv209Bip01Name	ov209
data_ov209_020d6680	gOv209Bip01Spine1Name	ov209
data_ov209_020d6690	gOv209RockMoveName	ov209
data_ov210_020d478c	gOv210Bip01HeadName	ov210
data_ov210_020d4798	gOv210Bip01Name	ov210
data_ov210_020d47a0	gOv210NShadowName	ov210
data_ov210_020d47ac	gOv210Bip01LHandName	ov210
data_ov210_020d47bc	gOv210Bip01RHandName	ov210
data_ov210_020d47cc	gOv210NsMoveName	ov210
data_ov211_020d65ac	gOv211Bip01HeadName	ov211
data_ov211_020d65b8	gOv211Bip01Name	ov211
data_ov211_020d65c0	gOv211NShadowName	ov211
data_ov211_020d65cc	gOv211Bip01LHandName	ov211
data_ov211_020d65dc	gOv211Bip01RHandName	ov211
data_ov211_020d65ec	gOv211NsMoveName	ov211
data_ov212_020d218c	gOv212BoneSpine01Name	ov212
data_ov212_020d219c	gOv212TagBeroName	ov212
data_ov212_020d21a8	gOv212BoneHeadName	ov212
data_ov212_020d21b4	gOv212BoneTail02Name	ov212
data_ov212_020d21c4	gOv212BoneLHandName	ov212
data_ov212_020d21d0	gOv212BoneRHandName	ov212
data_ov212_020d21dc	gOv212TagE01Name	ov212
data_ov212_020d21e4	gOv212MoveName	ov212
data_ov213_020d2fac	gOv213Bip01Name	ov213
data_ov213_020d2fb4	gOv213SwordName	ov213
data_ov213_020d2fbc	gOv213Bip01LHandName	ov213
data_ov213_020d2fcc	gOv213Bip01RHandName	ov213
data_ov214_020cec4c	gOv214BonePelvisName	ov214
data_ov214_020cec58	gOv214MoveName	ov214
data_ov215_020d288c	gOv215BonePelvisName	ov215
data_ov215_020d2898	gOv215MoveName	ov215
data_ov216_020cec4c	gOv216BonePelvisName	ov216
data_ov216_020cec58	gOv216MoveName	ov216
data_ov217_020d288c	gOv217BonePelvisName	ov217
data_ov217_020d2898	gOv217MoveName	ov217
data_ov218_020cf32c	gOv218BoneRHandName	ov218
data_ov218_020cf338	gOv218MoveName	ov218
data_ov219_020d18cc	gOv219MoveName	ov219
data_ov220_020d3bac	gOv220MoveName	ov220
data_ov221_020d4e0c	gOv221BoneHeadName	ov221
data_ov221_020d4e18	gOv221BoneTail03Name	ov221
data_ov221_020d4e28	gOv221BonePelvisName	ov221
data_ov221_020d4e34	gOv221BoneLHandName	ov221
data_ov221_020d4e40	gOv221BoneRHandName	ov221
data_ov221_020d4e4c	gOv221MoveName	ov221
data_ov222_020d6c2c	gOv222BoneHeadName	ov222
data_ov222_020d6c38	gOv222BoneTail03Name	ov222
data_ov222_020d6c48	gOv222BonePelvisName	ov222
data_ov222_020d6c54	gOv222BoneLHandName	ov222
data_ov222_020d6c60	gOv222BoneRHandName	ov222
data_ov222_020d6c6c	gOv222MoveName	ov222
data_ov223_020d510c	gOv223BoneHeadName	ov223
data_ov223_020d5118	gOv223BoneTail03Name	ov223
data_ov223_020d5128	gOv223BonePelvisName	ov223
data_ov223_020d5134	gOv223BoneLHandName	ov223
data_ov223_020d5140	gOv223BoneRHandName	ov223
data_ov223_020d514c	gOv223MoveName	ov223
data_ov224_020d4e2c	gOv224BoneHeadName	ov224
data_ov224_020d4e38	gOv224BoneTail03Name	ov224
data_ov224_020d4e48	gOv224BonePelvisName	ov224
data_ov224_020d4e54	gOv224BoneLHandName	ov224
data_ov224_020d4e60	gOv224BoneRHandName	ov224
data_ov224_020d4e6c	gOv224MoveName	ov224
data_ov225_020d50ec	gOv225BoneHeadName	ov225
data_ov225_020d50f8	gOv225BoneTail03Name	ov225
data_ov225_020d5108	gOv225BonePelvisName	ov225
data_ov225_020d5114	gOv225BoneLHandName	ov225
data_ov225_020d5120	gOv225BoneRHandName	ov225
data_ov225_020d512c	gOv225MoveName	ov225
data_ov226_020d4b6c	gOv226BoneHeadName	ov226
data_ov226_020d4b78	gOv226BoneTail03Name	ov226
data_ov226_020d4b88	gOv226BonePelvisName	ov226
data_ov226_020d4b94	gOv226BoneLHandName	ov226
data_ov226_020d4ba0	gOv226BoneRHandName	ov226
data_ov226_020d4bac	gOv226MoveName	ov226
data_ov227_020d4b8c	gOv227BoneHeadName	ov227
data_ov227_020d4b98	gOv227BoneTail03Name	ov227
data_ov227_020d4ba8	gOv227BonePelvisName	ov227
data_ov227_020d4bb4	gOv227BoneLHandName	ov227
data_ov227_020d4bc0	gOv227BoneRHandName	ov227
data_ov227_020d4bcc	gOv227MoveName	ov227
data_ov228_020d2cec	gOv228Bip01Spine1Name	ov228
data_ov228_020d2cfc	gOv228Bip01LHandName	ov228
data_ov228_020d2d0c	gOv228AMoveName	ov228
data_ov229_020d692c	gOv229Bip01Spine1Name	ov229
data_ov229_020d693c	gOv229Bip01LHandName	ov229
data_ov229_020d694c	gOv229AMoveName	ov229
data_ov230_020d648c	gOv230Bip01Spine1Name	ov230
data_ov230_020d649c	gOv230Bip01LHandName	ov230
data_ov230_020d64ac	gOv230AeMoveName	ov230
data_ov231_020cfa6c	gOv231BonePelvisName	ov231
data_ov231_020cfa78	gOv231BoneLHandName	ov231
data_ov231_020cfa84	gOv231BoneHaneLName	ov231
data_ov231_020cfa90	gOv231BoneHaneRName	ov231
data_ov231_020cfa9c	gOv231MoveName	ov231
data_ov232_020d36ac	gOv232BonePelvisName	ov232
data_ov232_020d36b8	gOv232BoneLHandName	ov232
data_ov232_020d36c4	gOv232BoneHaneLName	ov232
data_ov232_020d36d0	gOv232BoneHaneRName	ov232
data_ov232_020d36dc	gOv232MoveName	ov232
data_ov233_020d0e4c	gOv233Bip01Spine1Name	ov233
data_ov233_020d0e5c	gOv233Bip01LHandName	ov233
data_ov233_020d0e6c	gOv233AMoveName	ov233
data_ov235_020d258c	gOv235MsXionSharePackPath	ov235
data_ov235_020d259c	gOv235B50A01BodyName	ov235
data_ov235_020d25a8	gOv235BSpine01Name	ov235
data_ov235_020d25b4	gOv23511SwordName	ov235
data_ov235_020d25c0	gOv235B50AMName	ov235
data_ov236_020d64ac	gOv236BBodyName	ov236
data_ov236_020d64b4	gOv236BHead02Name	ov236
data_ov236_020d64c0	gOv236GaMoveName	ov236
data_ov236_020d64c8	gOv236BLArm01Name	ov236
data_ov236_020d64d4	gOv236BRArm01Name	ov236
data_ov236_020d64e0	gOv236BLfoot01Name	ov236
data_ov236_020d64ec	gOv236BLfoot02Name	ov236
data_ov236_020d64f8	gOv236BRfoot01Name	ov236
data_ov236_020d6504	gOv236BRfoot02Name	ov236
data_ov236_020d6510	gOv236GaMoveName_2	ov236
data_ov237_020d1c20	gOv237RYubiName	ov237
data_ov237_020d1c28	gOv237LHandName	ov237
data_ov237_020d1c30	gOv237LYubiName	ov237
data_ov237_020d1c38	gOv237RHandName	ov237
data_ov237_020d1c40	gOv237LArm01Name	ov237
data_ov237_020d1c4c	gOv237LArm02Name	ov237
data_ov237_020d1c58	gOv237RArm00Name	ov237
data_ov237_020d1c64	gOv237LArm00Name	ov237
data_ov237_020d1c70	gOv237RArm01Name	ov237
data_ov237_020d1c7c	gOv237RArm02Name	ov237
data_ov237_020d1c94	gOv237BoneHeadName	ov237
data_ov237_020d1ca0	gOv237031AName	ov237
data_ov237_020d1ca8	gOv237BoneNeckName	ov237
data_ov237_020d1cb4	gOv237BTagName	ov237
data_ov237_020d1cbc	gOv237Tag00Name	ov237
data_ov237_020d1cc4	gOv237Tag01Name	ov237
data_ov237_020d1ccc	gOv237MoveName	ov237
data_ov238_020d370c	gOv238BonePelvisName	ov238
data_ov238_020d3718	gOv238BoneRFingName	ov238
data_ov238_020d3724	gOv238BoneLFingName	ov238
data_ov238_020d3730	gOv238MoveName	ov238
data_ov239_020cdc4c	gOv239MsNbSharePackPath	ov239
data_ov239_020cdc5c	gOv239MoveName	ov239
data_ov240_020cfb8c	gOv240MsNbSharePackPath	ov240
data_ov240_020cfb9c	gOv240MoveName	ov240
data_ov241_020d0ca0	gOv241Tag02Name	ov241
data_ov241_020d0ca8	gOv241Tag01Name	ov241
data_ov241_020d0cb0	gOv241Tag00Name	ov241
data_ov241_020d0cc4	gOv241MoveName	ov241
data_ov242_020d48e0	gOv242Tag02Name	ov242
data_ov242_020d48e8	gOv242Tag01Name	ov242
data_ov242_020d48f0	gOv242Tag00Name	ov242
data_ov242_020d4904	gOv242MoveName	ov242
data_ov243_020d4760	gOv243BoneHeadName	ov243
data_ov243_020d4778	gOv243MoveName	ov243
data_ov244_020d37cc	gOv244Bip01Spine1Name	ov244
data_ov244_020d37dc	gOv244Bip01NeckName	ov244
data_ov244_020d37e8	gOv244Bip01SpineName	ov244
data_ov244_020d37f4	gOv244Bip01PelvisName	ov244
data_ov244_020d3804	gOv244Ds01Name	ov244
data_ov244_020d380c	gOv244Bip01HeadName	ov244
data_ov244_020d3818	gOv244Bip01RUpperArmName	ov244
data_ov244_020d382c	gOv244Bip01RForearmName	ov244
data_ov244_020d383c	gOv244Bip01RHandName	ov244
data_ov244_020d384c	gOv244Bip01RFinger1Name	ov244
data_ov244_020d385c	gOv244Bip01LUpperArmName	ov244
data_ov244_020d3870	gOv244Bip01LForearmName	ov244
data_ov244_020d3880	gOv244Bip01LHandName	ov244
data_ov244_020d3890	gOv244Bip01LFinger1Name	ov244
data_ov244_020d38a0	gOv244Dm002Name	ov244
data_ov245_020d71ec	gOv245Tag00Name	ov245
data_ov245_020d71f4	gOv245TagItemName	ov245
data_ov245_020d7200	gOv245TagTireFName	ov245
data_ov245_020d720c	gOv245TagTireRName	ov245
data_ov245_020d7218	gOv245MoveName	ov245
data_ov245_020d7220	gOv245BoneTag00Name	ov245
data_ov245_020d722c	gOv245Tag00Name_2	ov245
data_ov245_020d7234	gOv245Tag00Name_3	ov245
data_ov245_020d723c	gOv245HamAName	ov245
data_ov245_020d7244	gOv245HamBName	ov245
data_ov245_020d724c	gOv245HamCName	ov245
data_ov245_020d7254	gOv245Tag00Name_4	ov245
data_ov245_020d725c	gOv245MoveItem02Name	ov245
data_ov245_020d7268	gOv245BoneRFingName	ov245
data_ov245_020d7274	gOv245Bip01RFootName	ov245
data_ov245_020d7284	gOv245Bip01LFootName	ov245
data_ov245_020d7294	gOv245Bip01Name	ov245
data_ov245_020d729c	gOv245MoveName_2	ov245
data_ov246_020d312c	gOv246EffTagName	ov246
data_ov246_020d3134	gOv246038Name	ov246
data_ov246_020d3138	gOv246MoveName	ov246
data_ov247_020d4f4c	gOv247EffTagName	ov247
data_ov247_020d4f54	gOv247038Name	ov247
data_ov247_020d4f58	gOv247MoveName	ov247
data_ov248_020d0c2c	gOv248Bip01Spine1Name	ov248
data_ov248_020d0c3c	gOv248Bip01LHandName	ov248
data_ov248_020d0c4c	gOv248AiMoveName	ov248
data_ov249_020d49ac	gOv249Bip01Spine1Name	ov249
data_ov249_020d49bc	gOv249Bip01LHandName	ov249
data_ov249_020d49cc	gOv249AfMoveName	ov249
data_ov250_020d290c	gOv250Bip01Name	ov250
data_ov250_020d2914	gOv250Bip01LHandName	ov250
data_ov250_020d2924	gOv250Bip01RHandName	ov250
data_ov250_020d2934	gOv250B2MoveName	ov250
data_ov251_020d654c	gOv251Bip01Name	ov251
data_ov251_020d6554	gOv251Bip01LHandName	ov251
data_ov251_020d6564	gOv251Bip01RHandName	ov251
data_ov251_020d6574	gOv251B2MoveName	ov251
data_ov252_020d452c	gOv25201BHead01Name	ov252
data_ov252_020d4538	gOv25201BBody02Name	ov252
data_ov252_020d4544	gOv252CoreName	ov252
data_ov252_020d454c	gOv252B301BodyName	ov252
data_ov252_020d4558	gOv25201BHead02Name	ov252
data_ov252_020d4564	gOv25201BLRibName	ov252
data_ov252_020d4570	gOv25201BRRibName	ov252
data_ov252_020d457c	gOv25201BWast02Name	ov252
data_ov252_020d4588	gOv252FireName	ov252
data_ov252_020d4590	gOv25202SwL02Name	ov252
data_ov252_020d459c	gOv25202SwR02Name	ov252
data_ov252_020d45a8	gOv252B303Tail01Name	ov252
data_ov252_020d45b4	gOv252B303Tail02Name	ov252
data_ov252_020d45c0	gOv252B303Tail03Name	ov252
data_ov252_020d45cc	gOv252B303Tail04Name	ov252
data_ov252_020d45d8	gOv252B3MoveName	ov252
data_ov253_020d4a40	gOv253BoneRToeName	ov253
data_ov253_020d4a4c	gOv253BoneLToeName	ov253
data_ov253_020d4a58	gOv253BoneRFootName	ov253
data_ov253_020d4a64	gOv253BoneLFingName	ov253
data_ov253_020d4a70	gOv253BoneLHandName	ov253
data_ov253_020d4a7c	gOv253BoneRCalfName	ov253
data_ov253_020d4a88	gOv253BoneRHandName	ov253
data_ov253_020d4a94	gOv253BoneRFingName	ov253
data_ov253_020d4aa0	gOv253BoneLCalfName	ov253
data_ov253_020d4aac	gOv253BoneLFootName	ov253
data_ov253_020d4ab8	gOv253BoneLFing1Name	ov253
data_ov253_020d4ac8	gOv253BoneLThighName	ov253
data_ov253_020d4ad8	gOv253BoneRFing1Name	ov253
data_ov253_020d4ae8	gOv253BoneRThighName	ov253
data_ov253_020d4af8	gOv253BoneLFoot1Name	ov253
data_ov253_020d4b08	gOv253BoneRFoot1Name	ov253
data_ov253_020d4b18	gOv253BoneLForearmName	ov253
data_ov253_020d4b28	gOv253BoneRForearmName	ov253
data_ov253_020d4b38	gOv253BoneLUpperArmName	ov253
data_ov253_020d4b48	gOv253BoneRUpperArmName	ov253
data_ov253_020d4b64	gOv253Tag01Name	ov253
data_ov253_020d4b6c	gOv253Tag00Name	ov253
data_ov253_020d4b74	gOv253BoneBox02Name	ov253
data_ov253_020d4b80	gOv253Tag02Name	ov253
data_ov253_020d4b88	gOv253BoneLFingName_2	ov253
data_ov253_020d4b94	gOv253BoneRFingName_2	ov253
data_ov253_020d4ba0	gOv253Bone05Name	ov253
data_ov253_020d4ba8	gOv253Bone03Name	ov253
data_ov253_020d4bb0	gOv253Bone02Name	ov253
data_ov253_020d4bb8	gOv253Bone01Name	ov253
data_ov253_020d4bc0	gOv253Tag03Name	ov253
data_ov254_020d598c	gOv254Bone02Name	ov254
data_ov254_020d5994	gOv254SlName	ov254
data_ov254_020d5998	gOv254SrName	ov254
data_ov254_020d599c	gOv254CoreName	ov254
data_ov254_020d59a4	gOv254Head01Name	ov254
data_ov254_020d59ac	gOv254LTooth02Name	ov254
data_ov254_020d59b8	gOv254LTooth03Name	ov254
data_ov254_020d59c4	gOv254RTooth02Name	ov254
data_ov254_020d59d0	gOv254RTooth03Name	ov254
data_ov254_020d59dc	gOv254B5MoveName	ov254
data_ov255_020d2bec	gOv255MsXionSharePackPath	ov255
data_ov255_020d2bfc	gOv255B50B01BodyName	ov255
data_ov255_020d2c08	gOv255BSpine01Name	ov255
data_ov255_020d2c14	gOv255T2Name	ov255
data_ov255_020d2c18	gOv25512Swd1Name	ov255
data_ov255_020d2c28	gOv255B50BMName	ov255
data_ov255_020d2c30	gOv255MsXionSharePackPath_2	ov255
data_ov256_020d268c	gOv256Tag00Name	ov256
data_ov256_020d2694	gOv256Tag01Name	ov256
data_ov256_020d269c	gOv256Tag02Name	ov256
data_ov256_020d26a4	gOv256Tag03Name	ov256
data_ov256_020d26ac	gOv256Tag04Name	ov256
data_ov256_020d26b4	gOv256TagBukiLName	ov256
data_ov256_020d26c0	gOv256TagBukiRName	ov256
data_ov256_020d26cc	gOv256MoveName	ov256
data_ov256_020d26d4	gOv256MoveBukiLName	ov256
data_ov256_020d26e0	gOv256MoveBukiRName	ov256
data_ov257_020d3360	gOv257Tag02FlName	ov257
data_ov257_020d336c	gOv257Tag02BrName	ov257
data_ov257_020d3378	gOv257Tag02BlName	ov257
data_ov257_020d3384	gOv257Tag02FrName	ov257
data_ov257_020d3390	gOv257B2RHand02Name	ov257
data_ov257_020d339c	gOv257B2LHand02Name	ov257
data_ov257_020d33a8	gOv257B2RHand03Name	ov257
data_ov257_020d33b4	gOv257B2LHand03Name	ov257
data_ov257_020d33cc	gOv257MsXionSharePackPath	ov257
data_ov257_020d33dc	gOv25700Name	ov257
data_ov257_020d33e0	gOv257BSpine01Name	ov257
data_ov257_020d33ec	gOv257B50CMName	ov257
data_ov258_020d186c	gOv258BoneHeadName	ov258
data_ov258_020d1878	gOv258BonePelvisName	ov258
data_ov258_020d1884	gOv258BoneLKataName	ov258
data_ov258_020d1890	gOv258BoneLForearmName	ov258
data_ov258_020d18a0	gOv258TagBukiLName	ov258
data_ov258_020d18ac	gOv258BoneRKataName	ov258
data_ov258_020d18b8	gOv258BoneRForearmName	ov258
data_ov258_020d18c8	gOv258TagBukiRName	ov258
data_ov258_020d18d4	gOv258TagBLName	ov258
data_ov258_020d18dc	gOv258TagBRName	ov258
data_ov259_020d2fcc	gOv259SaHRName	ov259
data_ov259_020d2fd4	gOv259MoveName	ov259
data_ov259_020d2fdc	gOv259Tag001Name	ov259
data_ov260_020d2aac	gOv260Bip01Name	ov260
data_ov260_020d2ab4	gOv260Bip01LHandName	ov260
data_ov260_020d2ac4	gOv260WAName	ov260
data_ov260_020d2ac8	gOv260B013MoveName	ov260
data_ov261_020d158c	gOv261ZeroEfDummyName	ov261
data_ov261_020d159c	gOv261Bip01Name	ov261
data_ov262_020d51cc	gOv262ZeroEfDummyName	ov262
data_ov262_020d51dc	gOv262Bip01Name	ov262
data_ov263_020d36cc	gOv263BonePelvisName	ov263
data_ov263_020d36d8	gOv263BoneLHandName	ov263
data_ov263_020d36e4	gOv263BoneHaneLName	ov263
data_ov263_020d36f0	gOv263BoneHaneRName	ov263
data_ov263_020d36fc	gOv263MoveName	ov263
data_ov264_020cec2c	gOv264BonePelvisName	ov264
data_ov264_020cec38	gOv264MoveName	ov264
data_ov265_020d36cc	gOv265BonePelvisName	ov265
data_ov265_020d36d8	gOv265BoneLHandName	ov265
data_ov265_020d36e4	gOv265BoneHaneLName	ov265
data_ov265_020d36f0	gOv265BoneHaneRName	ov265
data_ov265_020d36fc	gOv265MoveName	ov265
data_ov266_020d3f6c	gOv266BoneSpine01Name	ov266
data_ov266_020d3f7c	gOv266TagBeroName	ov266
data_ov266_020d3f88	gOv266BoneHeadName	ov266
data_ov266_020d3f94	gOv266BoneTail02Name	ov266
data_ov266_020d3fa4	gOv266BoneLHandName	ov266
data_ov266_020d3fb0	gOv266BoneRHandName	ov266
data_ov266_020d3fbc	gOv266TagE01Name	ov266
data_ov266_020d3fc4	gOv266MoveName	ov266
data_ov267_020d5d8c	gOv267BoneSpine01Name	ov267
data_ov267_020d5d9c	gOv267TagBeroName	ov267
data_ov267_020d5da8	gOv267BoneHeadName	ov267
data_ov267_020d5db4	gOv267BoneTail02Name	ov267
data_ov267_020d5dc4	gOv267BoneLHandName	ov267
data_ov267_020d5dd0	gOv267BoneRHandName	ov267
data_ov267_020d5ddc	gOv267TagE01Name	ov267
data_ov267_020d5de4	gOv267MoveName	ov267
data_ov268_020d486c	gOv268Bip01HeadName	ov268
data_ov268_020d4878	gOv268Bip01LHandName	ov268
data_ov268_020d4888	gOv268Bip01RHandName	ov268
data_ov268_020d4898	gOv268Bip01Name	ov268
data_ov268_020d48a0	gOv268Bip01Spine1Name	ov268
data_ov268_020d48b0	gOv268SRockMoveName	ov268
data_ov269_020d4acc	gOv269BoneHeadName	ov269
data_ov269_020d4ad8	gOv269Tag00Name	ov269
data_ov269_020d4ae0	gOv269MoveName	ov269
data_ov269_020d4ae8	gOv269BName	ov269
data_ov269_020d4aec	gOv269Guru0Name	ov269
data_ov270_020d68ec	gOv270BoneHeadName	ov270
data_ov270_020d68f8	gOv270Tag00Name	ov270
data_ov270_020d6900	gOv270MoveName	ov270
data_ov270_020d6908	gOv270BName	ov270
data_ov270_020d690c	gOv270Guru0Name	ov270
data_ov271_020d36ec	gOv271TagLName	ov271
data_ov271_020d36f4	gOv271TagRName	ov271
data_ov272_020d35ac	gOv272BoneLEyeName	ov272
data_ov272_020d35b8	gOv272BoneRFingName	ov272
data_ov272_020d35c4	gOv272BoneLFingName	ov272
data_ov272_020d35d0	gOv272BoneHeadName	ov272
data_ov272_020d35dc	gOv272BoneTail02Name	ov272
data_ov273_020d6bec	gOv273Bip01Name	ov273
data_ov273_020d6bf4	gOv273SwordName	ov273
data_ov273_020d6bfc	gOv273Bip01LHandName	ov273
data_ov273_020d6c0c	gOv273Bip01RHandName	ov273
data_ov274_020d42cc	gOv274Bip01HeadName	ov274
data_ov274_020d42d8	gOv274Bip01LHandName	ov274
data_ov274_020d42e8	gOv274Bip01RHandName	ov274
data_ov274_020d42f8	gOv274Bip01Name	ov274
data_ov274_020d4300	gOv274Bip01Spine1Name	ov274
data_ov274_020d4310	gOv274Target01Name	ov274
data_ov274_020d431c	gOv274SlargeMoveName	ov274
data_ov275_020d60ec	gOv275Bip01HeadName	ov275
data_ov275_020d60f8	gOv275Bip01LHandName	ov275
data_ov275_020d6108	gOv275Bip01RHandName	ov275
data_ov275_020d6118	gOv275Bip01Name	ov275
data_ov275_020d6120	gOv275Bip01Spine1Name	ov275
data_ov275_020d6130	gOv275Target01Name	ov275
data_ov275_020d613c	gOv275SlargeMoveName	ov275
data_ov276_020d2c2c	gOv276Bip01Spine1Name	ov276
data_ov276_020d2c3c	gOv276Bip01LHandName	ov276
data_ov276_020d2c4c	gOv276SaMoveName	ov276
data_ov277_020d376c	gOv277Bip01Spine1Name	ov277
data_ov277_020d377c	gOv277Bip01NeckName	ov277
data_ov277_020d3788	gOv277Bip01SpineName	ov277
data_ov277_020d3794	gOv277Bip01PelvisName	ov277
data_ov277_020d37a4	gOv277Ds01Name	ov277
data_ov277_020d37ac	gOv277Bip01HeadName	ov277
data_ov277_020d37b8	gOv277Bip01RName	ov277
data_ov277_020d37c0	gOv277UpperArmName	ov277
data_ov277_020d37cc	gOv277Bip01RForearmName	ov277
data_ov277_020d37dc	gOv277Bip01RHandName	ov277
data_ov277_020d37ec	gOv277Bip01RFinger1Name	ov277
data_ov277_020d37fc	gOv277Bip01LUpperArmName	ov277
data_ov277_020d3810	gOv277Bip01LForearmName	ov277
data_ov277_020d3820	gOv277Bip01LHandName	ov277
data_ov277_020d3830	gOv277Bip01LFinger1Name	ov277
data_ov277_020d3840	gOv277Dm002Name	ov277
data_ov278_020d646c	gOv278BBodyName	ov278
data_ov278_020d6474	gOv278BHead02Name	ov278
data_ov278_020d6480	gOv278GaMoveName	ov278
data_ov278_020d6488	gOv278BLArm01Name	ov278
data_ov278_020d6494	gOv278BRArm01Name	ov278
data_ov278_020d64a0	gOv278BLfoot01Name	ov278
data_ov278_020d64ac	gOv278BLfoot02Name	ov278
data_ov278_020d64b8	gOv278BRfoot01Name	ov278
data_ov278_020d64c4	gOv278BRfoot02Name	ov278
data_ov278_020d64d0	gOv278GaMoveName_2	ov278
data_ov279_020d35cc	gOv279BoneLEyeName	ov279
data_ov279_020d35d8	gOv279BoneRFingName	ov279
data_ov279_020d35e4	gOv279BoneLFingName	ov279
data_ov279_020d35f0	gOv279BoneHeadName	ov279
data_ov279_020d35fc	gOv279BoneTail02Name	ov279
data_ov280_020d36cc	gOv280BonePelvisName	ov280
data_ov280_020d36d8	gOv280BoneLHandName	ov280
data_ov280_020d36e4	gOv280BoneHaneLName	ov280
data_ov280_020d36f0	gOv280BoneHaneRName	ov280
data_ov280_020d36fc	gOv280MoveName	ov280
data_ov281_020ce48c	gOv281Bip01Name	ov281
data_ov281_020ce494	gOv281Bone01Name	ov281
data_ov281_020ce49c	gOv281BoneHeadName	ov281
data_ov281_020ce4a8	gOv281Bip01PelvisName	ov281
data_ov281_020ce4b8	gOv281BoneLUpperArmName	ov281
data_ov281_020ce4c8	gOv281BoneLFingName	ov281
data_ov281_020ce4d4	gOv281BoneRUpperArmName	ov281
data_ov281_020ce4e4	gOv281BoneRFingName	ov281
data_ov281_020ce4f0	gOv281Bip01LThighName	ov281
data_ov281_020ce500	gOv281Bip01LFootName	ov281
data_ov281_020ce510	gOv281Bip01RThighName	ov281
data_ov281_020ce520	gOv281Bip01RFootName	ov281
data_ov281_020ce530	gOv281MoveName	ov281
data_ov282_020d47ac	gOv282Bip01HeadName	ov282
data_ov282_020d47b8	gOv282Bip01Name	ov282
data_ov282_020d47c0	gOv282SnShadowName	ov282
data_ov282_020d47cc	gOv282Bip01LHandName	ov282
data_ov282_020d47dc	gOv282Bip01RHandName	ov282
data_ov282_020d47ec	gOv282SnsMoveName	ov282
data_ov283_020cfbec	gOv283XigHLName	ov283
data_ov283_020cfbf4	gOv283XigHRName	ov283
data_ov284_020cd5e0	gOv284Bone05Name	ov284
data_ov284_020cd5e8	gOv284Bone03Name	ov284
data_ov284_020cd5f0	gOv284Bone02Name	ov284
data_ov284_020cd5f8	gOv284Bone01Name	ov284
data_ov284_020cd60c	gOv284Tag03Name	ov284
data_ov291_020cd62c	gOv291BoneHeadName	ov291
data_ov291_020cd638	gOv291MoveName	ov291
data_ov292_020d48cc	gOv292BodyName	ov292
data_ov293_020d362c	gOv293Bip01Name	ov293
data_ov293_020d3634	gOv293Bip01RFootName	ov293
data_ov293_020d3644	gOv293Bip01LFootName	ov293
data_ov293_020d3654	gOv293MoveName	ov293
data_ov302_020cc740	gOv302UiCmStrWorldIdTextPath	ov302
